ID_NUM,GRADE_CDE,CRS_GPA
305943,A,4.00
478235,A,4.00
478235,B,3.00
478235,A,4.00
478235,A,4.00
480654,A,4.00
480654,A,4.00
480654,A,4.00
480654,A,4.00
480654,A,4.00
480966,A-,3.70
480966,A,4.00
480966,A,4.00
480966,A-,3.70
480966,A,4.00
480966,A,4.00
480966,A,4.00
480966,A,4.00
480966,A,4.00
480966,A,4.00
480966,A,4.00
481789,D,1.00
481789,A,4.00
481789,C+,2.30
481789,B,3.00
481789,C+,2.30
481789,A,4.00
481789,B-,2.70
481789,B+,3.30
481789,A,4.00
481789,A,4.00
481789,B-,2.70
481789,B,3.00
481789,D,1.00
481886,A,4.00
481907,A-,3.70
482177,B-,2.70
482178,F,0.00
482207,A,4.00
482272,F,0.00
482277,A,4.00
482308,A,4.00
482365,A-,3.70
482397,B,3.00
482447,A,4.00
482454,A-,3.70
1620832,B+,3.30
1620832,A,4.00
1620832,A-,3.70
1620832,A,4.00
1620832,B,3.00
1620832,A,4.00
1699840,B+,3.30
1699840,A,4.00
1699840,B,3.00
1699840,C-,1.70
1699840,D+,1.30
1699840,A,4.00
1699840,B,3.00
1699840,A,4.00
1699840,A,4.00
1699840,A-,3.70
1699840,B,3.00
1699840,B+,3.30
1714207,A,4.00
1714207,A,4.00
1714207,A,4.00
1714207,A,4.00
1714207,B,3.00
1714207,A,4.00
1714207,A,4.00
1714207,A,4.00
1714207,A,4.00
1714207,A,4.00
1714207,A,4.00
1715053,IN,0.00
1715053,IN,0.00
1715053,IN,0.00
1715568,B-,2.70
1715568,A-,3.70
1715568,A,4.00
1715568,A,4.00
1715568,A-,3.70
1715568,B,3.00
1715568,A,4.00
1715568,B-,2.70
1715568,B-,2.70
1715568,A,4.00
1715568,A,4.00
1715568,B,3.00
1715578,B+,3.30
1715578,IN,0.00
1715578,B,3.00
1715578,A-,3.70
1715578,B,3.00
1715578,A,4.00
1715578,A,4.00
1715578,B-,2.70
1715578,A,4.00
1715631,B,3.00
1715631,A-,3.70
1715631,B-,2.70
1715631,B+,3.30
1715631,C,2.00
1715631,B-,2.70
1715631,D,1.00
1715631,C-,1.70
1715631,C-,1.70
1715631,C+,2.30
1715631,A,4.00
1715631,C-,1.70
1715631,C-,1.70
1716043,A,4.00
1716043,A,4.00
1716296,B,3.00
1716296,A-,3.70
1716296,B,3.00
1716296,C,2.00
1716430,B-,2.70
1716430,A-,3.70
1716430,B-,2.70
1716430,C-,1.70
1716430,D-,0.70
1716430,A-,3.70
1716430,C-,1.70
1716430,D,1.00
1716523,A,4.00
1716523,B+,3.30
1716523,A,4.00
1716523,A,4.00
1716523,A,4.00
1716523,B-,2.70
1716523,B+,3.30
1716523,A,4.00
1716523,B-,2.70
1716523,A-,3.70
1716523,B+,3.30
1716523,B,3.00
1716523,A-,3.70
1716598,B,3.00
1716598,C,2.00
1716598,B+,3.30
1716598,B,3.00
1716598,B,3.00
1716598,C+,2.30
1716598,A,4.00
1716598,A,4.00
1716598,B+,3.30
1716598,A,4.00
1716634,C-,1.70
1716634,C,2.00
1716634,D-,0.70
1716634,C+,2.30
1716634,D,1.00
1716634,F,0.00
1716634,A,4.00
1716634,F,0.00
1716634,C+,2.30
1716634,A,4.00
1716639,B-,2.70
1716639,A-,3.70
1716639,A-,3.70
1716720,B-,2.70
1716720,A,4.00
1716749,A-,3.70
1716749,C-,1.70
1716749,C+,2.30
1716749,A,4.00
1716749,D+,1.30
1716749,B-,2.70
1716749,A,4.00
1716749,C+,2.30
1716749,A,4.00
1716787,F,0.00
1716787,F,0.00
1716787,D,1.00
1716787,F,0.00
1716787,F,0.00
1716792,D-,0.70
1716792,B,3.00
1716792,B+,3.30
1716792,B,3.00
1716792,B,3.00
1716795,B+,3.30
1716795,B-,2.70
1716795,C-,1.70
1716795,B,3.00
1716795,C,2.00
1716795,C-,1.70
1716808,C+,2.30
1716808,A,4.00
1716808,A,4.00
1716808,B,3.00
1716808,A-,3.70
1716808,C-,1.70
1716811,B,3.00
1716811,A,4.00
1716870,C,2.00
1716870,D-,0.70
1716870,C-,1.70
1716870,B-,2.70
1716870,C-,1.70
1716879,A,4.00
1716879,A,4.00
1716879,C,2.00
1716879,B,3.00
1716879,D+,1.30
1716879,B-,2.70
1716879,C-,1.70
1716897,A,4.00
1716897,A,4.00
1716897,A,4.00
1716897,B+,3.30
1716897,A,4.00
1716897,B-,2.70
1716897,B+,3.30
1716897,A-,3.70
1716897,A,4.00
1716897,B+,3.30
1716947,B,3.00
1716947,A-,3.70
1716947,B+,3.30
1716947,C+,2.30
1716947,B,3.00
1716947,B+,3.30
1716947,B,3.00
1716947,B-,2.70
1716950,A,4.00
1716950,A,4.00
1716950,A-,3.70
1716950,A-,3.70
1716950,A-,3.70
1716950,A-,3.70
1716950,B,3.00
1716950,B+,3.30
1716952,A,4.00
1716952,B,3.00
1716952,A,4.00
1716952,B+,3.30
1716952,C+,2.30
1716952,A-,3.70
1716952,B+,3.30
1716952,A-,3.70
1716952,C+,2.30
1716952,A,4.00
1716952,A,4.00
1716955,A,4.00
1716955,A-,3.70
1716955,A,4.00
1716955,A-,3.70
1716955,A,4.00
1716955,B,3.00
1716955,A,4.00
1716955,C-,1.70
1716955,C-,1.70
1716958,A,4.00
1716958,A,4.00
1716958,A,4.00
1716958,A,4.00
1716968,C,2.00
1716968,A,4.00
1716968,A-,3.70
1716968,B+,3.30
1716968,C+,2.30
1716968,A-,3.70
1716968,B+,3.30
1716968,B-,2.70
1716968,F,0.00
1716968,A,4.00
1716968,A-,3.70
1716968,C+,2.30
1716976,B-,2.70
1716976,A,4.00
1716976,B,3.00
1716976,A,4.00
1716976,B,3.00
1716976,B+,3.30
1716976,A-,3.70
1716976,B+,3.30
1716978,A,4.00
1716978,A,4.00
1716978,A,4.00
1716978,A,4.00
1716978,A,4.00
1716978,A,4.00
1716986,A,4.00
1716986,B-,2.70
1716986,B+,3.30
1716988,F,0.00
1716988,C+,2.30
1716988,B,3.00
1716988,C+,2.30
1716988,B,3.00
1716988,A-,3.70
1716988,B,3.00
1716988,B,3.00
1716988,A,4.00
1716988,D-,0.70
1716988,D+,1.30
1717000,A,4.00
1717000,A,4.00
1717000,A-,3.70
1717000,A,4.00
1717000,A-,3.70
1717000,A-,3.70
1717000,A,4.00
1717000,C,2.00
1717000,A-,3.70
1717000,A,4.00
1717003,A,4.00
1717003,A,4.00
1717003,A,4.00
1717003,A,4.00
1717003,A,4.00
1717006,B,3.00
1717006,C+,2.30
1717006,B-,2.70
1717006,B-,2.70
1717006,B-,2.70
1717006,A-,3.70
1717006,B,3.00
1717006,B+,3.30
1717006,B-,2.70
1717008,A-,3.70
1717008,A,4.00
1717008,A,4.00
1717008,B,3.00
1717008,IN,0.00
1717008,A,4.00
1717008,B+,3.30
1717010,A,4.00
1717010,A,4.00
1717010,A,4.00
1717010,A,4.00
1717010,A,4.00
1717010,B,3.00
1717010,A,4.00
1717010,A,4.00
1717014,A,4.00
1717014,A,4.00
1717014,A-,3.70
1717014,A-,3.70
1717014,C+,2.30
1717014,A,4.00
1717014,A-,3.70
1717014,A-,3.70
1717014,B+,3.30
1717014,B+,3.30
1717026,D,1.00
1717026,B,3.00
1717026,B-,2.70
1717026,A,4.00
1717026,B,3.00
1717026,B+,3.30
1717026,A,4.00
1717026,B-,2.70
1717026,B,3.00
1717027,A,4.00
1717027,A,4.00
1717027,A,4.00
1717027,A,4.00
1717027,A-,3.70
1717027,A,4.00
1717027,A,4.00
1717035,A-,3.70
1717035,F,0.00
1717035,D,1.00
1717035,F,0.00
1717035,B-,2.70
1717035,IN,0.00
1717035,A-,3.70
1717035,C,2.00
1717055,A,4.00
1717055,A,4.00
1717055,A-,3.70
1717055,A,4.00
1717055,A,4.00
1717055,A,4.00
1717061,B-,2.70
1717061,C+,2.30
1717061,B+,3.30
1717061,A,4.00
1717061,A-,3.70
1717061,A,4.00
1717061,B-,2.70
1717061,C+,2.30
1717061,A,4.00
1717074,C+,2.30
1717074,A,4.00
1717074,B-,2.70
1717074,A-,3.70
1717074,A-,3.70
1717074,A,4.00
1717074,A-,3.70
1717074,C-,1.70
1717074,D,1.00
1717074,B,3.00
1717074,B+,3.30
1717089,A-,3.70
1717089,B+,3.30
1717089,B+,3.30
1717089,A-,3.70
1717089,A,4.00
1717089,A,4.00
1717089,B,3.00
1717089,A-,3.70
1717089,B-,2.70
1717089,A-,3.70
1717089,A,4.00
1717089,A-,3.70
1717096,F,0.00
1717096,C,2.00
1717096,B-,2.70
1717096,C,2.00
1717096,A,4.00
1717096,C-,1.70
1717099,A,4.00
1717099,A,4.00
1717099,A,4.00
1717108,A-,3.70
1717108,A-,3.70
1717108,B-,2.70
1717108,C+,2.30
1717108,A-,3.70
1717108,A,4.00
1717108,A,4.00
1717108,C+,2.30
1717108,C-,1.70
1717108,A,4.00
1717111,A,4.00
1717111,B+,3.30
1717111,B,3.00
1717111,A-,3.70
1717111,B+,3.30
1717111,A-,3.70
1717111,A,4.00
1717111,A,4.00
1717111,A,4.00
1717111,B+,3.30
1717119,A,4.00
1717120,A,4.00
1717120,A,4.00
1717120,A,4.00
1717120,A,4.00
1717120,A,4.00
1717120,A,4.00
1717120,A,4.00
1717120,A,4.00
1717120,A,4.00
1717120,A,4.00
1717120,A,4.00
1717133,A,4.00
1717133,A,4.00
1717133,A,4.00
1717133,A,4.00
1717133,A,4.00
1717133,A,4.00
1717133,A,4.00
1717133,A,4.00
1717133,A,4.00
1717133,A,4.00
1717133,A,4.00
1717139,A-,3.70
1717139,A,4.00
1717139,C-,1.70
1717139,D,1.00
1717139,B-,2.70
1717139,A,4.00
1717139,F,0.00
1717139,C-,1.70
1717139,A-,3.70
1717148,A,4.00
1717148,A,4.00
1717148,A,4.00
1717148,A,4.00
1717148,A-,3.70
1717148,A,4.00
1717148,A,4.00
1717148,A,4.00
1717148,A,4.00
1717148,A,4.00
1717154,A,4.00
1717154,A-,3.70
1717154,C,2.00
1717154,B-,2.70
1717154,A,4.00
1717154,B,3.00
1717154,A-,3.70
1717154,B,3.00
1717154,A,4.00
1717155,A,4.00
1717155,A,4.00
1717155,A,4.00
1717155,A,4.00
1717155,A,4.00
1717155,B,3.00
1717155,B,3.00
1717188,B,3.00
1717188,B+,3.30
1717188,A,4.00
1717188,A-,3.70
1717195,B+,3.30
1717195,A,4.00
1717195,A,4.00
1717195,A-,3.70
1717195,A,4.00
1717195,A-,3.70
1717195,A,4.00
1717195,A,4.00
1717195,A,4.00
1717197,F,0.00
1717197,F,0.00
1717197,D-,0.70
1717197,C-,1.70
1717205,A,4.00
1717205,A,4.00
1717205,A,4.00
1717205,A,4.00
1717205,C+,2.30
1717205,A,4.00
1717205,A,4.00
1717205,B+,3.30
1717205,A-,3.70
1717205,A,4.00
1717205,A,4.00
1717205,A,4.00
1717205,B,3.00
1717216,A,4.00
1717216,B,3.00
1717216,B+,3.30
1717216,A-,3.70
1717216,A,4.00
1717216,B+,3.30
1717216,A,4.00
1717216,A,4.00
1717216,A,4.00
1717216,C+,2.30
1717216,B+,3.30
1717216,B,3.00
1717216,A,4.00
1717231,C+,2.30
1717231,A,4.00
1717231,B-,2.70
1717231,C+,2.30
1717231,D,0.00
1717231,C,2.00
1717231,C,2.00
1717231,B,3.00
1717231,C+,2.30
1717231,B,3.00
1717231,A-,3.70
1717238,B,3.00
1717238,C,2.00
1717238,B+,3.30
1717238,C,2.00
1717238,C+,2.30
1717238,B,3.00
1717238,B,3.00
1717238,A,4.00
1717238,B,3.00
1717238,B,3.00
1717238,B,3.00
1717243,A,4.00
1717243,B-,2.70
1717243,A-,3.70
1717243,B,3.00
1717243,B,3.00
1717243,A,4.00
1717243,A-,3.70
1717244,D,1.00
1717244,F,0.00
1717244,F,0.00
1717244,F,0.00
1717244,D-,0.70
1717259,B+,3.30
1717259,A,4.00
1717259,B,3.00
1717259,A,4.00
1717259,A-,3.70
1717259,A,4.00
1717259,A,4.00
1717259,A-,3.70
1717259,A,4.00
1717273,B+,3.30
1717273,A,4.00
1717273,C+,2.30
1717273,A,4.00
1717273,C,2.00
1717273,A,4.00
1717273,B-,2.70
1717273,B-,2.70
1717273,B-,2.70
1717273,C,2.00
1717273,B,3.00
1717273,B+,3.30
1717278,A,4.00
1717278,A,4.00
1717278,A,4.00
1717278,A-,3.70
1717278,A,4.00
1717278,A,4.00
1717278,A,4.00
1717278,A,4.00
1717278,A,4.00
1717278,A,4.00
1717278,A,4.00
1717278,A,4.00
1717285,B,3.00
1717285,A,4.00
1717285,B,3.00
1717285,B,3.00
1717285,C+,2.30
1717285,A,4.00
1717287,C+,2.30
1717287,C,2.00
1717287,C+,2.30
1717287,B-,2.70
1717287,A,4.00
1717287,B,3.00
1717287,C,2.00
1717287,A,4.00
1717293,A-,3.70
1717293,B,3.00
1717293,B+,3.30
1717293,B+,3.30
1717293,B-,2.70
1717293,A-,3.70
1717293,B+,3.30
1717293,C+,2.30
1717293,A-,3.70
1717297,C,2.00
1717297,B+,3.30
1717297,B+,3.30
1717297,C+,2.30
1717297,B,3.00
1717297,C,2.00
1717297,B,3.00
1717297,A-,3.70
1717297,B,3.00
1717297,C,2.00
1717297,A,4.00
1717302,A,4.00
1717302,A,4.00
1717302,A,4.00
1717302,A,4.00
1717302,A-,3.70
1717302,A-,3.70
1717302,A,4.00
1717302,A,4.00
1717302,A,4.00
1717302,A,4.00
1717302,A,4.00
1717306,A-,3.70
1717306,A,4.00
1717306,A,4.00
1717306,A-,3.70
1717306,A-,3.70
1717306,A,4.00
1717306,A-,3.70
1717306,A,4.00
1717313,A,4.00
1717313,A,4.00
1717313,A,4.00
1717313,A,4.00
1717313,A,4.00
1717313,A,4.00
1717313,A,4.00
1717313,A,4.00
1717313,A,4.00
1717317,A-,3.70
1717317,B+,3.30
1717317,A,4.00
1717317,A-,3.70
1717317,A,4.00
1717317,B-,2.70
1717317,A,4.00
1717317,B,3.00
1717317,A,4.00
1717317,D+,1.30
1717317,A,4.00
1717327,B+,3.30
1717327,A,4.00
1717327,A-,3.70
1717327,B-,2.70
1717327,B+,3.30
1717327,C-,1.70
1717327,C+,2.30
1717347,B-,2.70
1717347,B+,3.30
1717347,A-,3.70
1717347,B,3.00
1717347,B-,2.70
1717347,A,4.00
1717367,A,4.00
1717367,A-,3.70
1717367,A,4.00
1717367,C,2.00
1717367,C-,1.70
1717367,A,4.00
1717386,B-,2.70
1717386,A,4.00
1717386,B,3.00
1717386,A,4.00
1717386,A,4.00
1717386,B-,2.70
1717411,B,3.00
1717411,A,4.00
1717411,A,4.00
1717411,B-,2.70
1717411,C+,2.30
1717411,A,4.00
1717411,A,4.00
1717411,A,4.00
1717411,C,2.00
1717411,A,4.00
1717411,B,3.00
1717421,A,4.00
1717421,B,3.00
1717421,B,3.00
1717421,B,3.00
1717421,A,4.00
1717421,B,3.00
1717421,A-,3.70
1717421,B,3.00
1717421,A,4.00
1717421,A,4.00
1717421,D,1.00
1717421,B-,2.70
1717421,C-,1.70
1717421,A,4.00
1717421,A-,3.70
1717442,B,3.00
1717442,A,4.00
1717442,B+,3.30
1717442,C,2.00
1717442,D,1.00
1717442,A-,3.70
1717442,B+,3.30
1717442,C-,1.70
1717442,C,2.00
1717442,A-,3.70
1717442,A,4.00
1717442,D-,0.70
1717446,D+,1.30
1717446,F,0.00
1717446,F,0.00
1717446,F,0.00
1717446,D-,0.70
1717447,B-,2.70
1717447,B-,2.70
1717447,A-,3.70
1717447,B-,2.70
1717447,TR,0.00
1717447,B-,2.70
1717447,B+,3.30
1717447,C,2.00
1717451,A,4.00
1717451,B+,3.30
1717451,B,3.00
1717451,B+,3.30
1717451,A,4.00
1717451,A-,3.70
1717451,B,3.00
1717451,C-,1.70
1717451,B+,3.30
1717475,A,4.00
1717475,C-,1.70
1717475,A-,3.70
1717475,B,3.00
1717475,C+,2.30
1717475,B-,2.70
1717475,C+,2.30
1717475,B+,3.30
1717475,B+,3.30
1717475,D-,0.70
1717475,B,3.00
1717475,A-,3.70
1717475,C-,1.70
1717477,A,4.00
1717477,A,4.00
1717477,A,4.00
1717477,A,4.00
1717477,A,4.00
1717477,A,4.00
1717477,B,3.00
1717477,B+,3.30
1717477,A,4.00
1717477,A-,3.70
1717477,A,4.00
1717477,A,4.00
1717487,D,1.00
1717487,D,1.00
1717487,F,0.00
1717487,F,0.00
1717487,F,0.00
1717487,B,3.00
1717487,C,2.00
1717487,B+,3.30
1717487,C,2.00
1717487,B,3.00
1717487,D-,0.70
1717508,A,4.00
1717508,B+,3.30
1717508,A,4.00
1717508,A-,3.70
1717508,A-,3.70
1717508,B+,3.30
1717508,A-,3.70
1717508,A,4.00
1717508,A,4.00
1717508,B+,3.30
1717508,A,4.00
1717556,A,4.00
1717556,B,3.00
1717556,B+,3.30
1717556,B+,3.30
1717556,A,4.00
1717556,B-,2.70
1717556,B+,3.30
1717556,A,4.00
1717556,B-,2.70
1717557,F,0.00
1717557,B-,2.70
1717557,F,0.00
1717557,B-,2.70
1717561,A,4.00
1717561,A,4.00
1717561,B+,3.30
1717561,A,4.00
1717561,A-,3.70
1717561,B+,3.30
1717561,A-,3.70
1717561,A,4.00
1717561,A,4.00
1717561,A-,3.70
1717580,A,4.00
1717580,C,2.00
1717580,B+,3.30
1717580,A,4.00
1717580,B,3.00
1717580,D,1.00
1717580,A,4.00
1717580,C-,1.70
1717580,A-,3.70
1717580,A-,3.70
1717580,C-,1.70
1717584,A-,3.70
1717584,A,4.00
1717584,A,4.00
1717584,A,4.00
1717584,A-,3.70
1717584,A,4.00
1717584,A,4.00
1717584,B+,3.30
1717584,A,4.00
1717584,A,4.00
1717584,C,2.00
1717589,D,1.00
1717589,D,1.00
1717589,C-,1.70
1717614,B-,2.70
1717614,B,3.00
1717614,D+,1.30
1717614,C,2.00
1717614,B-,2.70
1717614,A,4.00
1717614,A-,3.70
1717614,A,4.00
1717614,B+,3.30
1717621,B+,3.30
1717621,A,4.00
1717621,A-,3.70
1717621,A,4.00
1717621,B,3.00
1717621,B,3.00
1717621,B+,3.30
1717621,A-,3.70
1717621,A,4.00
1717621,A,4.00
1717621,A-,3.70
1717621,B-,2.70
1717621,F,0.00
1717621,A,4.00
1717644,A-,3.70
1717644,B-,2.70
1717644,A-,3.70
1717644,B,3.00
1717644,D+,1.30
1717644,C,2.00
1717644,B,3.00
1717644,B,3.00
1717644,B+,3.30
1717644,A-,3.70
1717644,A-,3.70
1717660,C,2.00
1717660,B,3.00
1717660,A,4.00
1717660,B,3.00
1717660,A-,3.70
1717660,C+,2.30
1717660,B,3.00
1717660,B,3.00
1717660,C-,1.70
1717660,A-,3.70
1717666,A-,3.70
1717666,A-,3.70
1717666,B+,3.30
1717666,B-,2.70
1717666,A,4.00
1717666,A-,3.70
1717666,B-,2.70
1717666,C,2.00
1717666,A-,3.70
1717669,A,4.00
1717669,A-,3.70
1717669,A,4.00
1717669,B-,2.70
1717669,B-,2.70
1717669,A,4.00
1717669,A,4.00
1717692,A-,3.70
1717692,A-,3.70
1717692,B-,2.70
1717692,B+,3.30
1717692,B-,2.70
1717695,B-,2.70
1717695,B,3.00
1717695,B+,3.30
1717695,C-,1.70
1717695,A,4.00
1717695,B-,2.70
1717695,D,1.00
1717695,D+,1.30
1717695,C,2.00
1717708,C+,2.30
1717708,C+,2.30
1717708,B-,2.70
1717708,A-,3.70
1717708,A,4.00
1717708,A,4.00
1717708,A-,3.70
1717708,B-,2.70
1717708,A-,3.70
1717708,A,4.00
1717708,A-,3.70
1717708,A,4.00
1717717,B,3.00
1717717,C,2.00
1717717,B-,2.70
1717717,D,1.00
1717717,A,4.00
1717717,D,1.00
1717717,C-,1.70
1717717,B-,2.70
1717717,A-,3.70
1717732,A,4.00
1717732,A,4.00
1717732,A,4.00
1717732,A-,3.70
1717732,A,4.00
1717732,C+,2.30
1717732,A,4.00
1717732,A,4.00
1717732,A-,3.70
1717752,C+,2.30
1717752,D-,0.70
1717752,D,1.00
1717752,C-,1.70
1717752,C,2.00
1717752,A-,3.70
1717752,B-,2.70
1717752,C+,2.30
1717752,B-,2.70
1717752,C-,1.70
1717954,F,0.00
1717954,F,0.00
1717954,F,0.00
1717954,F,0.00
1717954,F,0.00
1717961,C-,1.70
1717961,C-,1.70
1717961,B,3.00
1717961,B-,2.70
1717961,B,3.00
1717961,C+,2.30
1717961,D,1.00
1717961,B-,2.70
1717961,B,3.00
1717961,B,3.00
1717961,B+,3.30
1717961,B,3.00
1717961,B,3.00
1717961,C,2.00
1717961,B+,3.30
1717961,B-,2.70
1718181,A,4.00
1718181,A-,3.70
1718181,A,4.00
1718181,A,4.00
1718181,A,4.00
1718181,A,4.00
1718181,A,4.00
1718181,A,4.00
1718181,A,4.00
1718188,B+,3.30
1718188,A,4.00
1718188,A,4.00
1718188,TR,0.00
1718188,IN,0.00
1718188,A,4.00
1718188,A,4.00
1718188,A,4.00
1718188,A,4.00
1718188,TR,0.00
1718189,A,4.00
1718189,A,4.00
1718189,A,4.00
1718189,A,4.00
1718189,A,4.00
1718189,A,4.00
1718189,A,4.00
1718189,A,4.00
1718189,A,4.00
1718191,A,4.00
1718191,A,4.00
1718191,A,4.00
1718191,A,4.00
1718191,A,4.00
1718191,A,4.00
1718191,A,4.00
1718191,A,4.00
1718191,A,4.00
1718191,A,4.00
1718198,A,4.00
1718198,A,4.00
1718198,A,4.00
1718198,A,4.00
1718198,A,4.00
1718198,A,4.00
1718198,A-,3.70
1718198,A,4.00
1718198,A,4.00
1718198,A,4.00
1718198,A,4.00
1718198,A,4.00
1718200,A-,3.70
1718200,A,4.00
1718200,A,4.00
1718200,A-,3.70
1718200,A-,3.70
1718200,A,4.00
1718200,A,4.00
1718200,B-,2.70
1718200,A,4.00
1718200,A,4.00
1718200,A,4.00
1718203,A-,3.70
1718203,A,4.00
1718203,A,4.00
1718203,A,4.00
1718203,A-,3.70
1718203,A,4.00
1718203,A,4.00
1718203,A,4.00
1718203,A,4.00
1718203,A,4.00
1718214,A,4.00
1718214,A,4.00
1718214,A,4.00
1718214,A,4.00
1718214,A,4.00
1718214,A,4.00
1718214,A,4.00
1718214,A,4.00
1718214,A,4.00
1718214,A,4.00
1718214,A-,3.70
1718214,A,4.00
1718214,A,4.00
1718218,A,4.00
1718218,A,4.00
1718218,A,4.00
1718218,A,4.00
1718218,A,4.00
1718218,B-,2.70
1718218,A-,3.70
1718218,A,4.00
1718218,A,4.00
1718218,A,4.00
1718218,A,4.00
1718219,F,0.00
1718219,C,2.00
1718219,B,3.00
1718222,A,4.00
1718222,A,4.00
1718222,A,4.00
1718222,A,4.00
1718222,A,4.00
1718222,A,4.00
1718222,A,4.00
1718222,A,4.00
1718224,B,3.00
1718224,B,3.00
1718224,A,4.00
1718224,B-,2.70
1718224,B,3.00
1718224,B,3.00
1718224,C,2.00
1718224,A-,3.70
1718224,A,4.00
1718235,A,4.00
1718235,B+,3.30
1718235,B+,3.30
1718235,A,4.00
1718235,A,4.00
1718235,C-,1.70
1718235,A,4.00
1718235,B,3.00
1718235,B,3.00
1718235,A,4.00
1718235,A,4.00
1718235,B,3.00
1718239,B+,3.30
1718239,A,4.00
1718239,A,4.00
1718239,B,3.00
1718239,B+,3.30
1718239,B,3.00
1718239,A-,3.70
1718239,B,3.00
1718240,A,4.00
1718240,A,4.00
1718240,A,4.00
1718240,A,4.00
1718240,A,4.00
1718240,A,4.00
1718240,A,4.00
1718240,A,4.00
1718240,A,4.00
1718240,A,4.00
1718240,A,4.00
1718240,A,4.00
1718240,A,4.00
1718243,B,3.00
1718243,B-,2.70
1718243,A,4.00
1718243,A,4.00
1718243,B-,2.70
1718243,A,4.00
1718243,A,4.00
1718243,A,4.00
1718243,A,4.00
1718243,A,4.00
1718243,A,4.00
1718249,A,4.00
1718249,B,3.00
1718249,A,4.00
1718249,A,4.00
1718249,A,4.00
1718249,A,4.00
1718249,A,4.00
1718249,C+,2.30
1718249,A,4.00
1718249,A,4.00
1718250,A-,3.70
1718250,A,4.00
1718250,A,4.00
1718250,A,4.00
1718250,A,4.00
1718250,A,4.00
1718250,A,4.00
1718250,A,4.00
1718250,A,4.00
1718250,A-,3.70
1718252,A-,3.70
1718252,B,3.00
1718252,A,4.00
1718252,B+,3.30
1718252,A-,3.70
1718252,C,2.00
1718252,A,4.00
1718252,A-,3.70
1718252,A,4.00
1718252,B,3.00
1718252,B-,2.70
1718252,A-,3.70
1718252,C+,2.30
1718259,A,4.00
1718259,A,4.00
1718259,A,4.00
1718259,A,4.00
1718259,A,4.00
1718259,A,4.00
1718259,A,4.00
1718259,A,4.00
1718259,A,4.00
1718259,A,4.00
1718259,A,4.00
1718263,C,2.00
1718263,A-,3.70
1718263,C+,2.30
1718263,C+,2.30
1718263,A-,3.70
1718263,A-,3.70
1718263,C,2.00
1718263,A,4.00
1718263,A-,3.70
1718263,B+,3.30
1718269,A,4.00
1718269,B+,3.30
1718269,A,4.00
1718269,B+,3.30
1718269,B+,3.30
1718269,C+,2.30
1718269,A,4.00
1718269,B-,2.70
1718277,C,2.00
1718277,B+,3.30
1718277,B-,2.70
1718277,A-,3.70
1718277,C+,2.30
1718277,A-,3.70
1718277,A-,3.70
1718277,A,4.00
1718277,A,4.00
1718277,A,4.00
1718277,A-,3.70
1718277,A-,3.70
1718280,A,4.00
1718280,A,4.00
1718280,A,4.00
1718280,A,4.00
1718280,A,4.00
1718280,A,4.00
1718280,A,4.00
1718280,A,4.00
1718280,A,4.00
1718280,A,4.00
1718280,A,4.00
1718280,A,4.00
1718281,A,4.00
1718281,A,4.00
1718281,A,4.00
1718281,A,4.00
1718281,A,4.00
1718281,A,4.00
1718281,A,4.00
1718281,A,4.00
1718281,A-,3.70
1718282,A,4.00
1718282,A,4.00
1718282,A,4.00
1718282,A,4.00
1718282,A,4.00
1718282,A,4.00
1718282,A,4.00
1718282,A,4.00
1718282,A,4.00
1718282,A,4.00
1718284,A,4.00
1718284,A,4.00
1718284,A,4.00
1718284,A,4.00
1718284,A,4.00
1718284,A,4.00
1718284,A,4.00
1718284,A,4.00
1718284,A,4.00
1718284,A,4.00
1718284,A,4.00
1718284,A,4.00
1718284,A,4.00
1718284,A,4.00
1718284,A,4.00
1718292,A,4.00
1718292,A,4.00
1718292,A,4.00
1718292,A,4.00
1718292,A,4.00
1718292,A,4.00
1718292,A,4.00
1718302,B-,2.70
1718302,A,4.00
1718302,B+,3.30
1718302,D,1.00
1718302,B+,3.30
1718302,B,3.00
1718302,D,1.00
1718302,B,3.00
1718302,B,3.00
1718302,D,1.00
1718302,A,4.00
1718302,B+,3.30
1718302,B,3.00
1718302,C,2.00
1718311,A,4.00
1718311,A-,3.70
1718311,A,4.00
1718311,A-,3.70
1718311,A,4.00
1718311,B-,2.70
1718311,A,4.00
1718311,A,4.00
1718311,A,4.00
1718311,B,3.00
1718311,A,4.00
1718311,B,3.00
1718312,A,4.00
1718312,A,4.00
1718312,C+,2.30
1718312,B+,3.30
1718312,A-,3.70
1718312,A,4.00
1718312,A,4.00
1718312,A,4.00
1718312,B-,2.70
1718312,A,4.00
1718312,A,4.00
1718316,A,4.00
1718316,A,4.00
1718316,A,4.00
1718316,A,4.00
1718316,A,4.00
1718316,A,4.00
1718316,A,4.00
1718316,A,4.00
1718316,B+,3.30
1718316,A,4.00
1718322,A-,3.70
1718322,B+,3.30
1718322,C-,1.70
1718322,A-,3.70
1718322,A-,3.70
1718322,A,4.00
1718322,C+,2.30
1718322,B-,2.70
1718322,A-,3.70
1718322,A-,3.70
1718325,A,4.00
1718325,C-,1.70
1718325,C-,1.70
1718325,C-,1.70
1718325,F,0.00
1718325,C,2.00
1718325,D-,0.70
1718325,B-,2.70
1718326,A,4.00
1718326,B,3.00
1718326,A-,3.70
1718326,C+,2.30
1718326,B-,2.70
1718326,A-,3.70
1718326,A-,3.70
1718327,A,4.00
1718327,A,4.00
1718327,A,4.00
1718327,C+,2.30
1718327,A-,3.70
1718327,A-,3.70
1718327,A,4.00
1718327,C,2.00
1718327,C,2.00
1718327,B+,3.30
1718335,F,0.00
1718335,B-,2.70
1718335,F,0.00
1718335,A,4.00
1718335,A,4.00
1718335,A,4.00
1718335,C,2.00
1718335,F,0.00
1718335,A,4.00
1718335,A,4.00
1718335,A,4.00
1718335,A,4.00
1718339,A,4.00
1718339,A,4.00
1718339,A,4.00
1718339,A,4.00
1718339,A,4.00
1718339,A,4.00
1718339,A,4.00
1718339,A,4.00
1718339,B,3.00
1718339,A,4.00
1718339,A-,3.70
1718357,A,4.00
1718357,B+,3.30
1718357,A,4.00
1718357,A,4.00
1718357,B,3.00
1718357,A,4.00
1718357,A-,3.70
1718357,A,4.00
1718360,A,4.00
1718360,A-,3.70
1718360,A,4.00
1718360,A-,3.70
1718360,A,4.00
1718360,A,4.00
1718360,A,4.00
1718360,A,4.00
1718362,B,3.00
1718362,A,4.00
1718362,B+,3.30
1718362,A,4.00
1718362,C,2.00
1718362,B+,3.30
1718362,A,4.00
1718362,A,4.00
1718362,A-,3.70
1718362,A,4.00
1718362,B-,2.70
1718362,A,4.00
1718362,A,4.00
1718364,IN,0.00
1718364,IN,0.00
1718364,A,4.00
1718364,A-,3.70
1718364,C+,2.30
1718364,A,4.00
1718364,A,4.00
1718364,A,4.00
1718364,B+,3.30
1718364,A-,3.70
1718368,B-,2.70
1718368,A-,3.70
1718368,A,4.00
1718368,A,4.00
1718368,B,3.00
1718368,A-,3.70
1718368,A,4.00
1718368,A-,3.70
1718369,A,4.00
1718369,A-,3.70
1718369,A,4.00
1718369,C,2.00
1718369,B+,3.30
1718369,A,4.00
1718369,A,4.00
1718369,A,4.00
1718369,C-,1.70
1718369,A-,3.70
1718369,C,2.00
1718371,A-,3.70
1718371,A,4.00
1718371,A,4.00
1718371,A,4.00
1718371,A-,3.70
1718386,A-,3.70
1718386,A,4.00
1718386,A-,3.70
1718386,A,4.00
1718386,A-,3.70
1718386,B+,3.30
1718386,A,4.00
1718386,A,4.00
1718386,B+,3.30
1718386,C,2.00
1718386,A,4.00
1718386,B-,2.70
1718388,B+,3.30
1718388,A,4.00
1718388,A,4.00
1718388,A,4.00
1718388,B,3.00
1718388,B,3.00
1718388,A-,3.70
1718388,B+,3.30
1718388,A-,3.70
1718388,B-,2.70
1718388,A,4.00
1718388,A,4.00
1718390,C,2.00
1718390,B-,2.70
1718390,B,3.00
1718390,F,0.00
1718406,A,4.00
1718406,A,4.00
1718406,A,4.00
1718406,A,4.00
1718406,A,4.00
1718406,A,4.00
1718406,A,4.00
1718406,A,4.00
1718406,A,4.00
1718406,A,4.00
1718406,A,4.00
1718407,A,4.00
1718407,A,4.00
1718407,B+,3.30
1718407,A,4.00
1718407,A,4.00
1718407,A,4.00
1718407,A,4.00
1718407,A,4.00
1718407,A,4.00
1718407,A,4.00
1718410,B,3.00
1718410,C,2.00
1718410,C-,1.70
1718410,B+,3.30
1718410,B+,3.30
1718410,B+,3.30
1718410,B-,2.70
1718410,A,4.00
1718410,A,4.00
1718414,B,3.00
1718414,B,3.00
1718414,B-,2.70
1718414,A-,3.70
1718414,B,3.00
1718447,A,4.00
1718447,B,3.00
1718447,A,4.00
1718447,A,4.00
1718447,A-,3.70
1718447,A,4.00
1718447,A,4.00
1718447,A,4.00
1718451,B-,2.70
1718451,F,0.00
1718451,B,3.00
1718451,F,0.00
1718451,C-,1.70
1718451,C-,1.70
1718451,F,0.00
1718451,F,0.00
1718451,C+,2.30
1718451,C,2.00
1718452,A,4.00
1718452,B+,3.30
1718452,A,4.00
1718452,A,4.00
1718452,A,4.00
1718452,A,4.00
1718452,A,4.00
1718452,A,4.00
1718452,A,4.00
1718453,A,4.00
1718453,A,4.00
1718453,A,4.00
1718453,A,4.00
1718453,A,4.00
1718453,A,4.00
1718453,A,4.00
1718453,A,4.00
1718453,A,4.00
1718465,A,4.00
1718465,A,4.00
1718465,A-,3.70
1718465,B+,3.30
1718465,A,4.00
1718465,A,4.00
1718465,A,4.00
1718465,A,4.00
1718465,A,4.00
1718465,A,4.00
1718467,A,4.00
1718467,A,4.00
1718467,A,4.00
1718467,A,4.00
1718467,A-,3.70
1718467,A-,3.70
1718467,A,4.00
1718467,A-,3.70
1718467,A,4.00
1718467,A,4.00
1718472,A,4.00
1718472,A,4.00
1718472,A,4.00
1718472,A,4.00
1718472,A-,3.70
1718472,A,4.00
1718472,A,4.00
1718472,B+,3.30
1718472,B,3.00
1718472,C+,2.30
1718472,C+,2.30
1718472,A,4.00
1718473,A,4.00
1718473,A,4.00
1718473,A,4.00
1718473,A,4.00
1718473,B+,3.30
1718473,B-,2.70
1718473,B+,3.30
1718473,A-,3.70
1718473,A,4.00
1718473,A,4.00
1718473,A-,3.70
1718473,A,4.00
1718473,A,4.00
1718474,B-,2.70
1718474,A-,3.70
1718474,B+,3.30
1718474,A,4.00
1718474,B+,3.30
1718474,B+,3.30
1718474,A,4.00
1718474,A,4.00
1718474,A-,3.70
1718474,A,4.00
1718475,B-,2.70
1718475,A-,3.70
1718475,B-,2.70
1718475,B,3.00
1718475,B-,2.70
1718475,A-,3.70
1718475,A,4.00
1718475,B,3.00
1718475,B,3.00
1718475,B,3.00
1718475,B+,3.30
1718475,A,4.00
1718478,C,2.00
1718478,C,2.00
1718478,A-,3.70
1718478,B-,2.70
1718478,B+,3.30
1718478,C,2.00
1718478,C+,2.30
1718478,B-,2.70
1718478,B,3.00
1718478,C+,2.30
1718483,B+,3.30
1718483,A-,3.70
1718483,C+,2.30
1718483,A-,3.70
1718483,A,4.00
1718483,B+,3.30
1718483,B+,3.30
1718483,B+,3.30
1718483,A-,3.70
1718483,A-,3.70
1718495,A-,3.70
1718495,A,4.00
1718495,A,4.00
1718495,A,4.00
1718495,A-,3.70
1718495,B,3.00
1718495,A,4.00
1718495,A-,3.70
1718495,A,4.00
1718495,A,4.00
1718495,A,4.00
1718495,A,4.00
1718495,A,4.00
1718499,A-,3.70
1718499,A-,3.70
1718499,A,4.00
1718499,A-,3.70
1718499,A,4.00
1718499,A-,3.70
1718499,A,4.00
1718499,A,4.00
1718499,B+,3.30
1718499,B,3.00
1718499,C,2.00
1718502,A,4.00
1718502,A,4.00
1718502,A,4.00
1718502,A,4.00
1718502,A,4.00
1718502,A,4.00
1718502,A,4.00
1718502,B,3.00
1718502,A,4.00
1718503,B,3.00
1718503,A-,3.70
1718503,A,4.00
1718503,A,4.00
1718503,A,4.00
1718503,A,4.00
1718503,A,4.00
1718503,A-,3.70
1718503,A,4.00
1718503,A,4.00
1718507,B-,2.70
1718507,B-,2.70
1718507,C+,2.30
1718507,B,3.00
1718507,C,2.00
1718507,B,3.00
1718507,B,3.00
1718507,F,0.00
1718507,A-,3.70
1718509,A,4.00
1718509,B,3.00
1718509,A-,3.70
1718509,B-,2.70
1718509,A,4.00
1718509,B-,2.70
1718509,B,3.00
1718509,A-,3.70
1718509,A,4.00
1718509,A-,3.70
1718509,A,4.00
1718509,B+,3.30
1718509,B,3.00
1718512,A,4.00
1718512,A,4.00
1718512,A,4.00
1718512,A,4.00
1718512,A,4.00
1718512,B-,2.70
1718512,A,4.00
1718512,A,4.00
1718512,B,3.00
1718519,A,4.00
1718519,A,4.00
1718519,A-,3.70
1718519,A,4.00
1718519,A,4.00
1718519,A,4.00
1718519,A,4.00
1718519,A,4.00
1718519,A,4.00
1718519,A,4.00
1718519,A,4.00
1718519,A,4.00
1718521,B+,3.30
1718521,D,1.00
1718521,A,4.00
1718521,A,4.00
1718521,D,1.00
1718521,B,3.00
1718521,B+,3.30
1718521,F,0.00
1718521,C+,2.30
1718521,B+,3.30
1718521,A,4.00
1718521,C-,1.70
1718530,F,0.00
1718530,B,3.00
1718530,B+,3.30
1718530,A,4.00
1718530,C+,2.30
1718530,D+,1.30
1718530,B+,3.30
1718530,C+,2.30
1718530,C+,2.30
1718530,B-,2.70
1718530,B,3.00
1718530,D,1.00
1718539,A-,3.70
1718539,B+,3.30
1718539,B-,2.70
1718539,A-,3.70
1718539,B-,2.70
1718539,B,3.00
1718539,A,4.00
1718539,C-,1.70
1718539,D+,1.30
1718539,C+,2.30
1718539,B-,2.70
1718539,B-,2.70
1718539,B,3.00
1718550,A-,3.70
1718550,B-,2.70
1718550,A,4.00
1718550,A,4.00
1718550,B+,3.30
1718550,A-,3.70
1718550,A-,3.70
1718550,A,4.00
1718550,B+,3.30
1718553,A-,3.70
1718553,A,4.00
1718553,B,3.00
1718553,B,3.00
1718553,A,4.00
1718553,A,4.00
1718553,B,3.00
1718553,A,4.00
1718553,A-,3.70
1718553,A,4.00
1718604,A-,3.70
1718604,A,4.00
1718604,B+,3.30
1718604,B+,3.30
1718604,A,4.00
1718604,B+,3.30
1718604,B,3.00
1718604,B,3.00
1718604,A,4.00
1718604,A,4.00
1718604,A-,3.70
1718604,A-,3.70
1718613,A,4.00
1718613,A,4.00
1718613,A,4.00
1718613,A,4.00
1718613,A,4.00
1718613,A,4.00
1718613,A,4.00
1718613,A,4.00
1718613,A,4.00
1718668,A-,3.70
1718668,B-,2.70
1718668,A,4.00
1718668,A,4.00
1718668,B,3.00
1718668,B+,3.30
1718668,C,2.00
1718668,A,4.00
1718668,B,3.00
1718668,IN,0.00
1718668,D+,1.30
1718668,B,3.00
1718668,A,4.00
1718668,A,4.00
1718693,A,4.00
1718693,A,4.00
1718693,A,4.00
1718693,A,4.00
1718693,A,4.00
1718693,A,4.00
1718693,A,4.00
1718693,A,4.00
1718693,A,4.00
1718693,A,4.00
1718693,A,4.00
1718700,B,3.00
1718700,C,2.00
1718700,A,4.00
1718700,B,3.00
1718700,C,2.00
1718700,B+,3.30
1718700,C+,2.30
1718700,B+,3.30
1718700,B-,2.70
1718735,A,4.00
1718735,B+,3.30
1718735,C+,2.30
1718735,C-,1.70
1718735,A,4.00
1718735,C+,2.30
1718735,B-,2.70
1718735,B-,2.70
1718735,B+,3.30
1718735,C,2.00
1718735,C-,1.70
1718739,F,0.00
1718739,F,0.00
1718739,D-,0.70
1718739,F,0.00
1718740,A,4.00
1718740,A,4.00
1718740,B+,3.30
1718740,A-,3.70
1718740,A,4.00
1718740,B+,3.30
1718740,C-,1.70
1718740,A,4.00
1718740,B+,3.30
1718740,A,4.00
1718740,A,4.00
1718740,A,4.00
1718748,F,0.00
1718748,F,0.00
1718760,A,4.00
1718760,A,4.00
1718760,A,4.00
1718760,A-,3.70
1718760,A,4.00
1718760,B-,2.70
1718760,A,4.00
1718760,A,4.00
1718760,A,4.00
1718760,A,4.00
1718760,A,4.00
1718775,A-,3.70
1718775,B+,3.30
1718775,A,4.00
1718775,B+,3.30
1718775,A,4.00
1718775,B+,3.30
1718775,A,4.00
1718775,A,4.00
1718775,B,3.00
1718775,A,4.00
1718775,A,4.00
1718788,A,4.00
1718788,A,4.00
1718788,A,4.00
1718788,A,4.00
1718788,A,4.00
1718788,A,4.00
1718788,A,4.00
1718788,A,4.00
1718788,A,4.00
1718801,B,3.00
1718801,B,3.00
1718801,B+,3.30
1718801,C,2.00
1718801,C,2.00
1718801,A,4.00
1718801,B+,3.30
1718801,C+,2.30
1718801,C,2.00
1718801,B,3.00
1718804,A,4.00
1718804,A,4.00
1718804,A,4.00
1718804,B,3.00
1718804,B+,3.30
1718804,B+,3.30
1718804,B+,3.30
1718804,A-,3.70
1718804,B,3.00
1718804,B+,3.30
1718826,B-,2.70
1718826,F,0.00
1718826,D,1.00
1718826,F,0.00
1718826,C,2.00
1718826,C-,1.70
1718831,B,3.00
1718831,C,2.00
1718831,B-,2.70
1718831,A-,3.70
1718831,A,4.00
1718831,B,3.00
1718831,B,3.00
1718846,B,3.00
1718846,C-,1.70
1718846,B,3.00
1718846,C+,2.30
1718846,C,2.00
1718846,IN,0.00
1718846,C-,1.70
1718846,B,3.00
1718846,A-,3.70
1718846,B-,2.70
1718850,A,4.00
1718850,A-,3.70
1718850,A,4.00
1718850,A,4.00
1718850,A,4.00
1718850,A-,3.70
1718850,A,4.00
1718850,A-,3.70
1718850,A,4.00
1718850,A-,3.70
1718850,A,4.00
1718854,A,4.00
1718854,B-,2.70
1718854,C,2.00
1718854,A-,3.70
1718854,A-,3.70
1718854,A,4.00
1718854,A,4.00
1718854,A,4.00
1718854,A,4.00
1718858,B-,2.70
1718858,B,3.00
1718858,C,2.00
1718858,B+,3.30
1718858,C+,2.30
1718858,D,1.00
1718858,F,0.00
1718858,B-,2.70
1718858,B-,2.70
1718861,C,2.00
1718861,A,4.00
1718861,B-,2.70
1718861,A,4.00
1718861,B-,2.70
1718861,C,2.00
1718861,A,4.00
1718861,A-,3.70
1718861,A,4.00
1718861,C,2.00
1718861,C,2.00
1718874,A,4.00
1718874,A,4.00
1718874,A,4.00
1718874,A,4.00
1718874,A,4.00
1718874,A,4.00
1718874,A,4.00
1718874,A,4.00
1718874,A,4.00
1718874,A,4.00
1718874,A,4.00
1718874,A,4.00
1718875,A,4.00
1718875,A,4.00
1718875,A,4.00
1718875,A,4.00
1718875,A,4.00
1718875,A,4.00
1718875,B+,3.30
1718883,B+,3.30
1718883,A,4.00
1718883,B+,3.30
1718883,B,3.00
1718883,B,3.00
1718883,B-,2.70
1718883,B,3.00
1718883,B+,3.30
1718883,A,4.00
1718883,A,4.00
1718883,B,3.00
1718883,A,4.00
1718899,C,2.00
1718899,A-,3.70
1718899,B+,3.30
1718899,C,2.00
1718899,A-,3.70
1718899,A,4.00
1718899,A-,3.70
1718899,B,3.00
1718899,A,4.00
1718899,B+,3.30
1718911,A,4.00
1718911,A,4.00
1718911,A,4.00
1718911,A,4.00
1718911,A,4.00
1718918,A-,3.70
1718918,A,4.00
1718918,A,4.00
1718918,B+,3.30
1718918,A,4.00
1718918,A,4.00
1718918,A,4.00
1718918,A,4.00
1718918,B,3.00
1718918,B+,3.30
1718919,A,4.00
1718919,A,4.00
1718919,B+,3.30
1718919,A,4.00
1718919,A,4.00
1718919,A-,3.70
1718919,A,4.00
1718919,B+,3.30
1718919,A,4.00
1718919,A,4.00
1718924,F,0.00
1718924,B,3.00
1718924,B,3.00
1718924,F,0.00
1718924,D+,1.30
1718924,A,4.00
1718924,C+,2.30
1718924,C+,2.30
1718924,B-,2.70
1718924,B,3.00
1718924,C-,1.70
1718941,A,4.00
1718941,A-,3.70
1718941,A-,3.70
1718941,D,1.00
1718941,A-,3.70
1718941,C,2.00
1718941,B+,3.30
1718941,A,4.00
1718941,A,4.00
1718941,B,3.00
1718952,B,3.00
1718952,C,2.00
1718952,C+,2.30
1718952,C,2.00
1718952,C-,1.70
1718957,B,3.00
1718957,A,4.00
1718957,A,4.00
1718957,A,4.00
1718957,A,4.00
1718957,A,4.00
1718957,B-,2.70
1718957,A,4.00
1718957,A,4.00
1718957,A,4.00
1718973,A,4.00
1718973,A,4.00
1718973,A,4.00
1718973,C-,1.70
1718973,B+,3.30
1718973,B+,3.30
1718973,D+,1.30
1718973,C-,1.70
1718973,B+,3.30
1718973,A,4.00
1718980,A-,3.70
1718980,A-,3.70
1718980,B-,2.70
1718980,B+,3.30
1718980,B-,2.70
1718980,A-,3.70
1718980,A,4.00
1719001,A,4.00
1719001,A,4.00
1719001,A-,3.70
1719001,C-,1.70
1719001,C,2.00
1719001,A,4.00
1719001,B,3.00
1719001,C-,1.70
1719001,A-,3.70
1719001,A-,3.70
1719001,A,4.00
1719008,A,4.00
1719008,A,4.00
1719008,A,4.00
1719008,A,4.00
1719008,A,4.00
1719008,A-,3.70
1719008,A,4.00
1719008,A,4.00
1719008,A,4.00
1719008,A,4.00
1719008,A,4.00
1719011,A,4.00
1719011,A,4.00
1719011,A,4.00
1719011,A,4.00
1719011,A,4.00
1719011,A,4.00
1719011,A,4.00
1719011,A,4.00
1719011,A,4.00
1719011,A,4.00
1719011,A,4.00
1719011,A,4.00
1719012,C+,2.30
1719012,C,2.00
1719012,A,4.00
1719012,B-,2.70
1719012,C-,1.70
1719012,C-,1.70
1719012,B,3.00
1719012,B,3.00
1719012,A-,3.70
1719036,B-,2.70
1719036,B+,3.30
1719036,A,4.00
1719036,A,4.00
1719036,A,4.00
1719036,A-,3.70
1719036,A,4.00
1719036,A,4.00
1719038,A,4.00
1719038,A,4.00
1719038,A,4.00
1719038,A-,3.70
1719038,A,4.00
1719038,B,3.00
1719038,A,4.00
1719038,A,4.00
1719043,C,2.00
1719043,A-,3.70
1719043,C-,1.70
1719043,C+,2.30
1719043,B-,2.70
1719043,C,2.00
1719043,B,3.00
1719043,A,4.00
1719043,C,2.00
1719043,B+,3.30
1719043,A,4.00
1719043,A-,3.70
1719053,C+,2.30
1719053,F,0.00
1719053,F,0.00
1719053,D,1.00
1719053,C,2.00
1719059,A-,3.70
1719059,D-,0.70
1719059,F,0.00
1719059,B+,3.30
1719059,F,0.00
1719059,F,0.00
1719059,B+,3.30
1719059,A,4.00
1719059,A,4.00
1719059,A,4.00
1719078,A,4.00
1719078,A,4.00
1719078,A,4.00
1719078,C,2.00
1719078,A-,3.70
1719078,C+,2.30
1719078,A,4.00
1719078,B+,3.30
1719078,B,3.00
1719078,A-,3.70
1719082,A-,3.70
1719082,A,4.00
1719082,A,4.00
1719082,A-,3.70
1719082,B,3.00
1719082,A,4.00
1719082,A,4.00
1719082,A,4.00
1719082,C+,2.30
1719082,A-,3.70
1719082,A,4.00
1719087,A,4.00
1719087,B,3.00
1719087,A-,3.70
1719087,A,4.00
1719087,A-,3.70
1719087,A,4.00
1719087,A,4.00
1719087,B+,3.30
1719087,A,4.00
1719105,A,4.00
1719105,C,2.00
1719105,A,4.00
1719105,C,2.00
1719105,B,3.00
1719105,C+,2.30
1719105,A-,3.70
1719105,C-,1.70
1719105,C+,2.30
1719105,C-,1.70
1719105,B+,3.30
1719105,C,2.00
1719106,C,2.00
1719106,C,2.00
1719106,D,1.00
1719106,B,3.00
1719106,A,4.00
1719106,B-,2.70
1719106,A,4.00
1719106,A,4.00
1719106,B,3.00
1719106,C-,1.70
1719113,A,4.00
1719113,A-,3.70
1719113,A,4.00
1719113,A-,3.70
1719113,A,4.00
1719113,A,4.00
1719113,A,4.00
1719113,A,4.00
1719113,A,4.00
1719115,A,4.00
1719115,A-,3.70
1719115,A-,3.70
1719115,A,4.00
1719115,A,4.00
1719115,A,4.00
1719115,B,3.00
1719115,A,4.00
1719115,A,4.00
1719115,B,3.00
1719115,A,4.00
1719120,B-,2.70
1719120,A,4.00
1719120,D+,1.30
1719120,C+,2.30
1719120,F,0.00
1719120,B,3.00
1719120,D+,1.30
1719120,B,3.00
1719123,IN,0.00
1719123,IN,0.00
1719123,A,4.00
1719123,B+,3.30
1719123,A,4.00
1719123,A,4.00
1719123,A,4.00
1719123,A,4.00
1719123,A,4.00
1719123,IN,0.00
1719123,B,3.00
1719124,C,2.00
1719124,B,3.00
1719124,B-,2.70
1719124,B+,3.30
1719124,B,3.00
1719124,B,3.00
1719124,C-,1.70
1719124,C+,2.30
1719124,C+,2.30
1719124,B+,3.30
1719126,C-,1.70
1719126,B,3.00
1719126,B-,2.70
1719126,A,4.00
1719126,B-,2.70
1719126,C,2.00
1719126,B,3.00
1719126,B,3.00
1719128,A-,3.70
1719128,C,2.00
1719128,B,3.00
1719128,B+,3.30
1719128,C+,2.30
1719128,B,3.00
1719128,B+,3.30
1719128,A,4.00
1719128,B-,2.70
1719132,B,3.00
1719132,C,2.00
1719132,A,4.00
1719132,A-,3.70
1719132,A-,3.70
1719132,A,4.00
1719132,B,3.00
1719132,A,4.00
1719132,C+,2.30
1719132,A-,3.70
1719135,C,2.00
1719135,B,3.00
1719135,C,2.00
1719135,C,2.00
1719135,B-,2.70
1719135,C-,1.70
1719135,C,2.00
1719135,D-,0.70
1719135,B-,2.70
1719142,A,4.00
1719142,A,4.00
1719142,A,4.00
1719142,A,4.00
1719142,A,4.00
1719142,A,4.00
1719142,A,4.00
1719142,A,4.00
1719142,A,4.00
1719142,A,4.00
1719145,A,4.00
1719145,B,3.00
1719145,C+,2.30
1719145,B-,2.70
1719145,B+,3.30
1719145,C+,2.30
1719145,B,3.00
1719145,C+,2.30
1719145,C,2.00
1719145,B,3.00
1719145,A,4.00
1719145,B-,2.70
1719146,A,4.00
1719146,A,4.00
1719146,A,4.00
1719146,A,4.00
1719146,A,4.00
1719146,A,4.00
1719146,A,4.00
1719146,A,4.00
1719146,A,4.00
1719146,A,4.00
1719146,A,4.00
1719146,A,4.00
1719146,A,4.00
1719148,F,0.00
1719148,C,2.00
1719148,D+,1.30
1719148,B+,3.30
1719148,B-,2.70
1719148,C,2.00
1719148,A-,3.70
1719148,A-,3.70
1719148,A,4.00
1719148,B-,2.70
1719148,C+,2.30
1719148,B-,2.70
1719151,D+,1.30
1719151,A-,3.70
1719151,C,2.00
1719160,B,3.00
1719160,B+,3.30
1719160,A,4.00
1719160,A,4.00
1719160,A,4.00
1719162,A,4.00
1719162,A,4.00
1719162,A,4.00
1719162,A,4.00
1719162,A,4.00
1719162,A,4.00
1719162,A,4.00
1719162,A,4.00
1719175,A,4.00
1719175,A,4.00
1719175,A,4.00
1719175,A,4.00
1719175,A,4.00
1719175,A,4.00
1719175,A,4.00
1719175,A,4.00
1719175,A,4.00
1719175,A,4.00
1719515,A,4.00
1719515,A-,3.70
1719515,A-,3.70
1719515,A,4.00
1719515,B+,3.30
1719515,A,4.00
1719515,B,3.00
1719515,A,4.00
1719515,IN,0.00
1719515,A,4.00
1719515,A,4.00
1719515,A,4.00
1719515,B+,3.30
1719515,A,4.00
1719515,A,4.00
1719515,A-,3.70
1719515,A,4.00
1719517,A,4.00
1719517,B+,3.30
1719517,A,4.00
1719517,A,4.00
1719517,A,4.00
1719517,A,4.00
1719517,B,3.00
1719517,A-,3.70
1719517,C+,2.30
1719517,B,3.00
1719517,A-,3.70
1719517,A,4.00
1719517,B+,3.30
1719518,B,3.00
1719518,A-,3.70
1719518,A,4.00
1719518,A,4.00
1719518,B+,3.30
1719518,A,4.00
1719518,B+,3.30
1719518,A-,3.70
1719518,A-,3.70
1719518,D+,1.30
1719519,A-,3.70
1719519,B,3.00
1719519,A,4.00
1719519,B+,3.30
1719519,A,4.00
1719519,A-,3.70
1719519,A,4.00
1719519,B+,3.30
1719519,A,4.00
1719519,A-,3.70
1719523,A,4.00
1719523,A,4.00
1719523,A,4.00
1719523,A,4.00
1719523,A,4.00
1719523,A,4.00
1719523,A,4.00
1719523,A,4.00
1719523,A,4.00
1719523,A,4.00
1719524,A,4.00
1719524,B,3.00
1719524,A-,3.70
1719524,B,3.00
1719524,A-,3.70
1719524,A,4.00
1719524,A-,3.70
1719524,B+,3.30
1719524,A,4.00
1719524,C-,1.70
1719524,C,2.00
1719533,B,3.00
1719533,A-,3.70
1719533,B+,3.30
1719533,A-,3.70
1719533,B-,2.70
1719533,A,4.00
1719533,C+,2.30
1719533,A,4.00
1719533,A,4.00
1719533,A,4.00
1719539,A,4.00
1719539,A,4.00
1719539,A,4.00
1719539,A,4.00
1719539,A-,3.70
1719539,A-,3.70
1719539,A,4.00
1719539,A,4.00
1719539,C,2.00
1719544,A,4.00
1719544,A,4.00
1719544,A,4.00
1719544,A,4.00
1719544,A,4.00
1719544,A,4.00
1719544,A,4.00
1719544,A,4.00
1719544,A,4.00
1719544,A,4.00
1719544,A-,3.70
1719544,A,4.00
1719544,A,4.00
1719554,A-,3.70
1719554,D,1.00
1719554,D,1.00
1719554,A,4.00
1719554,D,1.00
1719554,C-,1.70
1719556,B+,3.30
1719556,F,0.00
1719556,C,2.00
1719556,B-,2.70
1719556,B-,2.70
1719556,B-,2.70
1719556,B-,2.70
1719556,B-,2.70
1719556,C+,2.30
1719556,D,1.00
1719556,C,2.00
1719560,A-,3.70
1719560,A,4.00
1719560,A,4.00
1719560,A,4.00
1719560,A,4.00
1719560,A,4.00
1719560,A,4.00
1719560,A,4.00
1719560,A,4.00
1719567,B-,2.70
1719567,C-,1.70
1719567,B,3.00
1719567,C-,1.70
1719579,A,4.00
1719579,A,4.00
1719579,A,4.00
1719579,A,4.00
1719579,A,4.00
1719579,A,4.00
1719579,A,4.00
1719579,A,4.00
1719579,A,4.00
1719579,A,4.00
1719579,A,4.00
1719579,A,4.00
1719580,C+,2.30
1719580,B,3.00
1719580,B-,2.70
1719580,B+,3.30
1719580,A-,3.70
1719580,A,4.00
1719580,B+,3.30
1719580,B,3.00
1719580,A,4.00
1719580,A,4.00
1719580,B+,3.30
1719594,A,4.00
1719594,A,4.00
1719594,A,4.00
1719594,A,4.00
1719594,A,4.00
1719594,A,4.00
1719594,A,4.00
1719594,A,4.00
1719594,A,4.00
1719594,A,4.00
1719594,A,4.00
1719594,A,4.00
1719595,A-,3.70
1719595,A,4.00
1719595,A-,3.70
1719595,A,4.00
1719595,C+,2.30
1719595,A,4.00
1719595,B-,2.70
1719595,A,4.00
1719595,B,3.00
1719595,A,4.00
1719595,A,4.00
1719595,A-,3.70
1719603,A,4.00
1719603,C,2.00
1719603,A,4.00
1719603,A,4.00
1719603,A-,3.70
1719603,A,4.00
1719603,A,4.00
1719603,A,4.00
1719603,A-,3.70
1719603,A,4.00
1719614,A,4.00
1719614,A,4.00
1719614,A,4.00
1719614,A,4.00
1719614,B,3.00
1719614,B,3.00
1719614,A,4.00
1719614,B,3.00
1719614,B+,3.30
1719614,A,4.00
1719614,A-,3.70
1719614,A-,3.70
1719617,A-,3.70
1719617,C,2.00
1719617,D-,0.70
1719617,A-,3.70
1719617,A,4.00
1719617,B,3.00
1719617,A,4.00
1719617,C+,2.30
1719617,C+,2.30
1719617,B-,2.70
1719617,A,4.00
1719617,B-,2.70
1719617,B,3.00
1719617,C+,2.30
1719620,F,0.00
1719621,A,4.00
1719621,A-,3.70
1719621,A,4.00
1719621,A,4.00
1719621,A,4.00
1719621,A,4.00
1719621,A-,3.70
1719621,A,4.00
1719621,B+,3.30
1719621,A,4.00
1719635,F,0.00
1719635,F,0.00
1719635,F,0.00
1719635,F,0.00
1719635,A,4.00
1719635,F,0.00
1719635,A,4.00
1719635,F,0.00
1719640,A,4.00
1719640,C-,1.70
1719640,A-,3.70
1719640,A,4.00
1719640,B+,3.30
1719640,A,4.00
1719640,A,4.00
1719640,B,3.00
1719640,A,4.00
1719640,A-,3.70
1719646,A-,3.70
1719646,A-,3.70
1719646,B-,2.70
1719646,A,4.00
1719646,A,4.00
1719646,A,4.00
1719646,A-,3.70
1719646,B+,3.30
1719646,B,3.00
1719651,A-,3.70
1719651,A,4.00
1719651,A,4.00
1719651,A,4.00
1719651,A,4.00
1719651,A,4.00
1719651,A,4.00
1719651,A,4.00
1719651,A,4.00
1719654,A,4.00
1719654,A,4.00
1719654,A,4.00
1719654,A,4.00
1719654,A,4.00
1719654,A,4.00
1719654,A,4.00
1719654,A,4.00
1719654,A,4.00
1719654,A,4.00
1719654,A,4.00
1719654,A,4.00
1719654,A,4.00
1719654,A,4.00
1719654,A,4.00
1719654,A,4.00
1719654,A,4.00
1719666,B,3.00
1719666,A,4.00
1719666,A,4.00
1719666,A-,3.70
1719666,A,4.00
1719666,A,4.00
1719666,B,3.00
1719666,B-,2.70
1719666,A,4.00
1719666,B,3.00
1719671,C-,1.70
1719671,B+,3.30
1719671,C+,2.30
1719671,A,4.00
1719671,A,4.00
1719671,C+,2.30
1719671,B,3.00
1719671,A,4.00
1719671,A,4.00
1719671,B+,3.30
1719680,B-,2.70
1719680,A,4.00
1719680,A,4.00
1719680,A,4.00
1719680,A,4.00
1719680,A,4.00
1719680,A,4.00
1719680,A,4.00
1719680,A,4.00
1719680,A,4.00
1719680,A,4.00
1719680,A-,3.70
1719680,A,4.00
1719680,A,4.00
1719687,A-,3.70
1719687,A,4.00
1719687,A,4.00
1719687,A,4.00
1719687,A,4.00
1719687,A,4.00
1719687,B,3.00
1719687,A,4.00
1719687,A-,3.70
1719687,A-,3.70
1719687,A-,3.70
1719688,A,4.00
1719688,A,4.00
1719688,A,4.00
1719688,A,4.00
1719688,A,4.00
1719688,A,4.00
1719688,A,4.00
1719688,A,4.00
1719688,A-,3.70
1719688,A,4.00
1719688,A,4.00
1719689,A,4.00
1719689,B,3.00
1719689,A,4.00
1719689,A,4.00
1719689,A,4.00
1719689,B-,2.70
1719689,A,4.00
1719689,A-,3.70
1719689,B,3.00
1719689,B,3.00
1719689,A,4.00
1719710,B+,3.30
1719710,D,1.00
1719710,B+,3.30
1719710,A-,3.70
1719710,A,4.00
1719710,A,4.00
1719710,A,4.00
1719710,A,4.00
1719710,B+,3.30
1719710,A,4.00
1719723,A-,3.70
1719723,A,4.00
1719723,A,4.00
1719723,A-,3.70
1719723,A,4.00
1719723,A,4.00
1719723,A,4.00
1719723,A,4.00
1719723,A,4.00
1719723,A,4.00
1719723,A,4.00
1719723,B+,3.30
1719723,A,4.00
1719723,A,4.00
1719723,A,4.00
1719725,A,4.00
1719725,A,4.00
1719725,A,4.00
1719725,A,4.00
1719725,A,4.00
1719725,A,4.00
1719725,A,4.00
1719725,B+,3.30
1719725,B,3.00
1719725,A,0.00
1719759,A-,3.70
1719759,B-,2.70
1719759,A-,3.70
1719759,A-,3.70
1719759,A-,3.70
1719759,B,3.00
1719759,A-,3.70
1719759,B,3.00
1719759,B,3.00
1719759,B,3.00
1719759,A,4.00
1719761,A,4.00
1719761,B+,3.30
1719761,A-,3.70
1719761,A,4.00
1719761,A,4.00
1719761,A,4.00
1719761,B+,3.30
1719761,A,4.00
1719761,A,4.00
1719761,A,4.00
1719767,A-,3.70
1719767,A,4.00
1719767,A,4.00
1719767,A-,3.70
1719767,A-,3.70
1719767,B,3.00
1719767,B,3.00
1719767,A,4.00
1719767,A,4.00
1719767,A,4.00
1719770,B+,3.30
1719770,A-,3.70
1719770,A,4.00
1719770,B,3.00
1719770,A,4.00
1719770,A,4.00
1719770,A,4.00
1719770,B+,3.30
1719770,A,4.00
1719770,B,3.00
1719770,A,4.00
1719770,B-,2.70
1719788,B+,3.30
1719788,A,4.00
1719788,A,4.00
1719788,C+,2.30
1719788,A-,3.70
1719788,A,4.00
1719788,A,4.00
1719788,B,3.00
1719788,A,4.00
1719788,A,4.00
1719788,B+,3.30
1719788,A,4.00
1719794,B,3.00
1719794,C-,1.70
1719794,A-,3.70
1719794,C+,2.30
1719794,B,3.00
1719794,A-,3.70
1719794,A-,3.70
1719794,C-,1.70
1719794,C,2.00
1719794,C,2.00
1719794,C,2.00
1719794,B+,3.30
1719812,A-,3.70
1719812,A,4.00
1719812,A,4.00
1719812,A,4.00
1719812,B,3.00
1719812,A-,3.70
1719812,B-,2.70
1719812,B+,3.30
1719812,A,4.00
1719812,A-,3.70
1719817,A,4.00
1719817,A,4.00
1719817,A-,3.70
1719817,A,4.00
1719817,A,4.00
1719817,A,4.00
1719817,A,4.00
1719817,A-,3.70
1719817,A,4.00
1719817,B,3.00
1719817,A,4.00
1719841,B,3.00
1719841,A,4.00
1719841,A-,3.70
1719841,B+,3.30
1719841,A,4.00
1719841,B+,3.30
1719841,A-,3.70
1719841,B+,3.30
1719841,B+,3.30
1719841,A-,3.70
1719841,A,4.00
1719841,A,4.00
1719879,B+,3.30
1719879,F,0.00
1719879,A-,3.70
1719879,C,2.00
1719879,A-,3.70
1719879,C+,2.30
1719879,B-,2.70
1719879,C,2.00
1719879,C,2.00
1719888,B+,3.30
1719888,A,4.00
1719888,F,0.00
1719888,B,3.00
1719888,D+,1.30
1719888,A,4.00
1719888,A,4.00
1719888,A,4.00
1719888,A-,3.70
1719890,A,4.00
1719890,B,3.00
1719890,A,4.00
1719890,A,4.00
1719890,A,4.00
1719890,A,4.00
1719890,B+,3.30
1719890,A-,3.70
1719890,A-,3.70
1719899,A,4.00
1719899,A,4.00
1719899,A-,3.70
1719899,B,3.00
1719899,B+,3.30
1719899,A,4.00
1719899,A,4.00
1719899,B,3.00
1719899,A-,3.70
1719899,A-,3.70
1719904,C-,1.70
1719904,B-,2.70
1719904,A-,3.70
1719904,A-,3.70
1719904,B+,3.30
1719904,C-,1.70
1719904,C-,1.70
1719904,B-,2.70
1719916,A-,3.70
1719916,A,4.00
1719916,B-,2.70
1719916,A-,3.70
1719916,A-,3.70
1719916,F,0.00
1719916,F,0.00
1719916,A-,3.70
1719916,B+,3.30
1719916,C,2.00
1719916,C,2.00
1719916,C,2.00
1719925,C,2.00
1719925,F,0.00
1719925,C,2.00
1719925,F,0.00
1719925,F,0.00
1719925,F,0.00
1719925,C+,2.30
1719925,D-,0.70
1719925,B-,2.70
1719925,C,2.00
1719931,B,3.00
1719931,A,4.00
1719931,C+,2.30
1719931,B-,2.70
1719931,B,3.00
1719931,B,3.00
1719931,B+,3.30
1719931,C+,2.30
1719931,A-,3.70
1719931,B+,3.30
1719957,B-,2.70
1719957,A,4.00
1719957,B+,3.30
1719957,A-,3.70
1719957,B,3.00
1719957,A-,3.70
1719957,B+,3.30
1719957,A-,3.70
1719957,A-,3.70
1719957,B,3.00
1719957,A,4.00
1719978,B+,3.30
1719978,B,3.00
1719978,B,3.00
1719978,B,3.00
1719978,C+,2.30
1719978,A,4.00
1719978,A,4.00
1719978,A,4.00
1719978,B,3.00
1719978,B+,3.30
1719978,A-,3.70
1719978,A,4.00
1719993,A,4.00
1719993,A,4.00
1719993,A,4.00
1719993,A,4.00
1719993,A,4.00
1719993,A,4.00
1719993,A,4.00
1719993,A,4.00
1719993,A,4.00
1719993,A,4.00
1719993,A,4.00
1719999,A,4.00
1719999,A,4.00
1719999,A,4.00
1719999,A,4.00
1719999,A,4.00
1719999,A,4.00
1719999,A,4.00
1719999,B+,3.30
1719999,A,4.00
1719999,B+,3.30
1720036,F,0.00
1720036,F,0.00
1720036,F,0.00
1720036,F,0.00
1720039,A,4.00
1720039,A,4.00
1720039,A,4.00
1720039,A,4.00
1720039,A-,3.70
1720039,A,4.00
1720039,A,4.00
1720039,B,3.00
1720039,B,3.00
1720039,B,3.00
1720039,A,4.00
1720047,A,4.00
1720047,A,4.00
1720047,A,4.00
1720047,A,4.00
1720047,A,4.00
1720047,A,4.00
1720047,A,4.00
1720047,A,4.00
1720047,A,4.00
1720047,A,4.00
1720047,A,4.00
1720059,A,4.00
1720059,A,4.00
1720059,A,4.00
1720059,B,3.00
1720059,B-,2.70
1720059,A,4.00
1720059,B+,3.30
1720059,B,3.00
1720059,A,4.00
1720059,B,3.00
1720063,A,4.00
1720063,B-,2.70
1720063,C,2.00
1720063,C,2.00
1720063,A-,3.70
1720063,A,4.00
1720063,C+,2.30
1720063,B-,2.70
1720063,C-,1.70
1720086,F,0.00
1720086,C,2.00
1720086,C-,1.70
1720086,D,1.00
1720086,C,2.00
1720086,C-,1.70
1720086,F,0.00
1720086,C,2.00
1720086,C+,2.30
1720086,D+,1.30
1720089,B+,3.30
1720089,A-,3.70
1720089,B,3.00
1720089,B+,3.30
1720089,A,4.00
1720089,B+,3.30
1720089,A-,3.70
1720089,B+,3.30
1720089,A-,3.70
1720089,A,4.00
1720089,C+,2.30
1720089,A,4.00
1720093,A,4.00
1720093,A,4.00
1720093,A,4.00
1720093,A,4.00
1720093,A-,3.70
1720093,A,4.00
1720093,A,4.00
1720093,A,4.00
1720093,A,4.00
1720101,B-,2.70
1720101,A,4.00
1720101,B,3.00
1720101,A-,3.70
1720101,A,4.00
1720101,A-,3.70
1720101,A,4.00
1720101,B-,2.70
1720101,B+,3.30
1720101,D,1.00
1720119,B+,3.30
1720119,B,3.00
1720119,B,3.00
1720119,B-,2.70
1720119,B+,3.30
1720119,A,4.00
1720119,C,2.00
1720119,B+,3.30
1720119,A,4.00
1720119,C,2.00
1720131,B-,2.70
1720131,A,4.00
1720131,A,4.00
1720131,A-,3.70
1720131,A-,3.70
1720131,A,4.00
1720131,B,3.00
1720131,A,4.00
1720131,A,4.00
1720131,A-,3.70
1720143,B,3.00
1720143,A,4.00
1720143,C,2.00
1720143,B,3.00
1720143,D,1.00
1720143,A,4.00
1720143,C+,2.30
1720143,B-,2.70
1720143,A-,3.70
1720143,A,4.00
1720161,B-,2.70
1720161,B,3.00
1720161,C-,1.70
1720161,D,1.00
1720161,C,2.00
1720161,F,0.00
1720161,B-,2.70
1720161,C,2.00
1720161,C,2.00
1720176,A,4.00
1720176,A-,3.70
1720176,B+,3.30
1720176,A,4.00
1720176,B,3.00
1720176,A,4.00
1720176,A-,3.70
1720176,A-,3.70
1720176,B+,3.30
1720176,B+,3.30
1720178,A,4.00
1720178,A-,3.70
1720178,A,4.00
1720178,A,4.00
1720178,A,4.00
1720178,B+,3.30
1720178,A,4.00
1720178,A-,3.70
1720178,A-,3.70
1720178,A,4.00
1720178,A,4.00
1720178,A,4.00
1720180,C,2.00
1720180,B+,3.30
1720180,B+,3.30
1720180,A,4.00
1720180,C-,1.70
1720180,B,3.00
1720180,C,2.00
1720180,A-,3.70
1720180,A-,3.70
1720209,A,4.00
1720209,A,4.00
1720209,A,4.00
1720209,A,4.00
1720209,A,4.00
1720209,A,4.00
1720209,A,4.00
1720209,A,4.00
1720209,A,4.00
1720209,A,4.00
1720209,A,4.00
1720209,A,4.00
1720214,A-,3.70
1720214,B-,2.70
1720214,D,1.00
1720214,B,3.00
1720214,B-,2.70
1720214,A,4.00
1720214,B,3.00
1720214,A,4.00
1720214,A,4.00
1720214,B+,3.30
1720214,B+,3.30
1720214,A,4.00
1720219,A-,3.70
1720219,A-,3.70
1720219,B-,2.70
1720219,B+,3.30
1720219,A-,3.70
1720219,A-,3.70
1720219,A-,3.70
1720219,A-,3.70
1720219,A,4.00
1720219,A,4.00
1720243,A,4.00
1720243,A,4.00
1720243,A,4.00
1720243,A-,3.70
1720243,A,4.00
1720243,A,4.00
1720243,A,4.00
1720243,A,4.00
1720255,A-,3.70
1720255,A,4.00
1720255,C+,2.30
1720255,F,0.00
1720255,A-,3.70
1720255,B+,3.30
1720255,A,4.00
1720255,C,2.00
1720255,B-,2.70
1720265,D,1.00
1720265,F,0.00
1720265,F,0.00
1720265,F,0.00
1720278,A-,3.70
1720278,A,4.00
1720278,A,4.00
1720278,A-,3.70
1720278,B,3.00
1720278,A,4.00
1720278,A,4.00
1720278,A,4.00
1720278,A-,3.70
1720278,A-,3.70
1720278,A,4.00
1720278,A,4.00
1720289,A,4.00
1720289,A,4.00
1720289,A,4.00
1720289,A,4.00
1720289,B+,3.30
1720289,A,4.00
1720289,A,4.00
1720289,A,4.00
1720289,A,4.00
1720302,A-,3.70
1720302,A-,3.70
1720302,A,4.00
1720302,A,4.00
1720302,A-,3.70
1720302,A-,3.70
1720302,C-,1.70
1720302,A,4.00
1720302,B-,2.70
1720302,B+,3.30
1720302,A-,3.70
1720302,A-,3.70
1720302,A,4.00
1720313,A-,3.70
1720313,B,3.00
1720313,C-,1.70
1720313,C+,2.30
1720313,A,4.00
1720313,B-,2.70
1720313,A,4.00
1720313,A-,3.70
1720313,C,2.00
1720313,B+,3.30
1720313,A,4.00
1720318,A,4.00
1720318,A,4.00
1720318,A,4.00
1720318,A-,3.70
1720318,A,4.00
1720318,B+,3.30
1720318,A,4.00
1720318,B+,3.30
1720318,B+,3.30
1720318,A-,3.70
1720321,A,4.00
1720321,A-,3.70
1720321,B,3.00
1720321,A,4.00
1720321,A-,3.70
1720321,A-,3.70
1720321,A-,3.70
1720321,A,4.00
1720321,B-,2.70
1720325,A-,3.70
1720325,A-,3.70
1720325,A-,3.70
1720325,A,4.00
1720325,A,4.00
1720325,A,4.00
1720325,A,4.00
1720325,A-,3.70
1720325,A,4.00
1720325,A,4.00
1720325,A,4.00
1720325,A,4.00
1720325,A,4.00
1720332,A,4.00
1720332,A,4.00
1720332,A,4.00
1720332,A,4.00
1720332,A,4.00
1720332,C,2.00
1720332,A,4.00
1720332,D,1.00
1720332,B,3.00
1720332,B+,3.30
1720332,A,4.00
1720336,B+,3.30
1720336,C-,1.70
1720336,B-,2.70
1720336,A,4.00
1720336,B+,3.30
1720336,B,3.00
1720336,B+,3.30
1720336,D+,1.30
1720336,B+,3.30
1720336,B+,3.30
1720336,B+,3.30
1720344,A,4.00
1720344,A,4.00
1720344,A,4.00
1720344,A,4.00
1720344,A,4.00
1720344,A,4.00
1720344,A,4.00
1720344,A,4.00
1720344,A,4.00
1720344,A,4.00
1720344,A,4.00
1720347,A,4.00
1720347,A,4.00
1720347,B,3.00
1720347,B+,3.30
1720347,A,4.00
1720347,A-,3.70
1720347,A-,3.70
1720347,B,3.00
1720347,B,3.00
1720347,A,4.00
1720347,A,4.00
1720376,C+,2.30
1720376,A-,3.70
1720376,B,3.00
1720376,B-,2.70
1720376,C,2.00
1720376,C,2.00
1720376,C-,1.70
1720385,A-,3.70
1720385,F,0.00
1720385,B,3.00
1720385,B-,2.70
1720385,A,4.00
1720385,B+,3.30
1720385,F,0.00
1720385,A,4.00
1720385,A,4.00
1720385,A,4.00
1720385,C,2.00
1720386,A-,3.70
1720386,A-,3.70
1720386,A,4.00
1720386,A,4.00
1720386,B+,3.30
1720386,B,3.00
1720386,A,4.00
1720386,A,4.00
1720386,B+,3.30
1720386,A,4.00
1720386,A,4.00
1720386,B,3.00
1720411,A,4.00
1720411,A,4.00
1720411,A,4.00
1720411,A,4.00
1720411,B,3.00
1720411,A,4.00
1720411,B,3.00
1720411,A,4.00
1720411,B,3.00
1720411,A,4.00
1720411,A,4.00
1720411,C-,1.70
1720411,A,4.00
1720411,A,4.00
1720416,B+,3.30
1720416,A,4.00
1720416,A-,3.70
1720416,A-,3.70
1720416,A-,3.70
1720416,A-,3.70
1720416,A,4.00
1720416,A-,3.70
1720416,B-,2.70
1720416,A-,3.70
1720416,B+,3.30
1720419,A,4.00
1720419,A-,3.70
1720419,A,4.00
1720419,A,4.00
1720419,A,4.00
1720419,A,4.00
1720419,A,4.00
1720419,A,4.00
1720419,A,4.00
1720419,A,4.00
1720419,A,4.00
1720419,A,4.00
1720431,D,1.00
1720431,C,2.00
1720431,C,2.00
1720431,C+,2.30
1720431,D-,0.70
1720431,B-,2.70
1720431,C+,2.30
1720431,C+,2.30
1720431,C+,2.30
1720431,B,3.00
1720434,A,4.00
1720434,A,4.00
1720434,A,4.00
1720434,B+,3.30
1720434,C+,2.30
1720434,B-,2.70
1720434,B,3.00
1720434,A-,3.70
1720434,A-,3.70
1720434,B-,2.70
1720434,C+,2.30
1720434,A,4.00
1720443,C-,1.70
1720443,B,3.00
1720443,A,4.00
1720443,C+,2.30
1720443,C-,1.70
1720443,C,2.00
1720443,C+,2.30
1720443,B,3.00
1720443,C-,1.70
1720443,B,3.00
1720443,C+,2.30
1720460,A-,3.70
1720460,A,4.00
1720460,B+,3.30
1720460,A,4.00
1720460,A,4.00
1720460,A,4.00
1720460,C+,2.30
1720460,A,4.00
1720460,F,0.00
1720460,B,3.00
1720462,B+,3.30
1720467,B-,2.70
1720467,D,1.00
1720467,B+,3.30
1720467,B-,2.70
1720467,B-,2.70
1720467,A-,3.70
1720467,C+,2.30
1720467,C+,2.30
1720467,B-,2.70
1720467,B+,3.30
1720487,C+,2.30
1720487,C+,2.30
1720487,A,4.00
1720487,B+,3.30
1720487,C-,1.70
1720487,C,2.00
1720487,A,4.00
1720487,B,3.00
1720487,B+,3.30
1720487,B+,3.30
1720501,A-,3.70
1720501,B,3.00
1720501,B,3.00
1720501,B-,2.70
1720501,B,3.00
1720501,A,4.00
1720501,B-,2.70
1720501,B+,3.30
1720501,A-,3.70
1720501,D,1.00
1720501,A,4.00
1720513,B-,2.70
1720513,B,3.00
1720513,D+,1.30
1720513,C-,1.70
1720513,F,0.00
1720513,B-,2.70
1720513,B,3.00
1720513,C+,2.30
1720513,C+,2.30
1720513,C+,2.30
1720513,C+,2.30
1720557,B-,2.70
1720557,A,4.00
1720557,B+,3.30
1720557,B,3.00
1720557,A-,3.70
1720557,A,4.00
1720557,A-,3.70
1720557,B-,2.70
1720557,B,3.00
1720557,B,3.00
1720563,C,2.00
1720563,B+,3.30
1720563,B,3.00
1720563,C,2.00
1720563,B-,2.70
1720563,B,3.00
1720563,C-,1.70
1720563,B,3.00
1720563,B+,3.30
1720563,B,3.00
1720567,A,4.00
1720567,A,4.00
1720567,A-,3.70
1720567,A-,3.70
1720567,A,4.00
1720567,A,4.00
1720567,A,4.00
1720567,A,4.00
1720567,A,4.00
1720567,A,4.00
1720570,B-,2.70
1720570,C,2.00
1720570,C,2.00
1720570,B-,2.70
1720570,A,4.00
1720570,C,2.00
1720570,B+,3.30
1720570,B,3.00
1720570,B-,2.70
1720570,C-,1.70
1720570,A,4.00
1720570,A-,3.70
1720573,A,4.00
1720573,A,4.00
1720573,A,4.00
1720573,A,4.00
1720573,A,4.00
1720573,A,4.00
1720573,A,4.00
1720573,A,4.00
1720573,A,4.00
1720573,A,4.00
1720573,A,4.00
1720599,A,4.00
1720599,A,4.00
1720599,A,4.00
1720599,A,4.00
1720599,A,4.00
1720599,A,4.00
1720599,A,4.00
1720599,A,4.00
1720599,A,4.00
1720599,A,4.00
1720599,A,4.00
1720599,A,4.00
1720601,B,3.00
1720601,B+,3.30
1720601,D-,0.70
1720601,C+,2.30
1720601,B,3.00
1720601,A-,3.70
1720601,B-,2.70
1720601,C+,2.30
1720601,A-,3.70
1720601,A,0.00
1720606,C-,1.70
1720606,C-,1.70
1720606,D-,0.70
1720606,A-,3.70
1720606,C-,1.70
1720606,B-,2.70
1720606,D,1.00
1720606,C,2.00
1720626,A,4.00
1720626,A,4.00
1720626,A-,3.70
1720626,A,4.00
1720626,A,4.00
1720626,A,4.00
1720626,A,4.00
1720626,A,4.00
1720626,A,4.00
1720626,A,4.00
1720626,A,4.00
1720646,C,2.00
1720646,B-,2.70
1720646,D-,0.70
1720646,B-,2.70
1720646,A,4.00
1720646,F,0.00
1720646,F,0.00
1720646,C+,2.30
1720646,D+,1.30
1720653,D+,1.30
1720653,D+,1.30
1720653,D+,1.30
1720653,B+,3.30
1720653,D+,1.30
1720653,C,2.00
1720653,D+,1.30
1720653,C-,1.70
1720653,C-,1.70
1720653,B+,3.30
1720653,C,2.00
1720653,D+,1.30
1720653,B,3.00
1720653,D,1.00
1720653,B+,3.30
1720662,C+,2.30
1720662,B,3.00
1720662,C,2.00
1720662,C,2.00
1720662,C-,1.70
1720662,D-,0.70
1720662,C+,2.30
1720662,B,3.00
1720718,A,4.00
1720718,A-,3.70
1720718,A-,3.70
1720718,A-,3.70
1720718,A-,3.70
1720718,A,4.00
1720718,A,4.00
1720718,A,4.00
1720718,B,3.00
1720718,B,3.00
1720730,A,4.00
1720730,A-,3.70
1720730,A,4.00
1720730,A,4.00
1720730,A-,3.70
1720730,A,4.00
1720730,A-,3.70
1720730,A,4.00
1720730,A-,3.70
1720730,A,4.00
1720736,B+,3.30
1720736,C+,2.30
1720736,B+,3.30
1720736,B-,2.70
1720736,D+,1.30
1720736,C-,1.70
1720736,B-,2.70
1720736,B+,3.30
1720736,D,1.00
1720736,B-,2.70
1720763,A,4.00
1720763,B,3.00
1720763,A,4.00
1720763,B,3.00
1720763,A,4.00
1720763,A,4.00
1720763,A,4.00
1720763,B+,3.30
1720763,A,4.00
1720763,A,4.00
1720763,A,4.00
1720790,B-,2.70
1720790,F,0.00
1720790,D,1.00
1720790,F,0.00
1720813,B-,2.70
1720813,B-,2.70
1720813,B-,2.70
1720813,A-,3.70
1720813,B-,2.70
1720813,C+,2.30
1720813,A-,3.70
1720813,A-,3.70
1720813,B+,3.30
1720813,A-,3.70
1720837,A,4.00
1720837,A,4.00
1720837,A,4.00
1720837,A,4.00
1720837,A,4.00
1720837,A,4.00
1720837,A,4.00
1720837,A,4.00
1720837,A,4.00
1720837,A,4.00
1720837,A,4.00
1720840,C+,2.30
1720840,B-,2.70
1720840,B+,3.30
1720840,A,4.00
1720840,C+,2.30
1720840,B+,3.30
1720840,A,4.00
1720840,C-,1.70
1720840,A-,3.70
1720840,A,4.00
1720850,C,2.00
1720850,A,4.00
1720850,C+,2.30
1720850,A,4.00
1720850,A-,3.70
1720850,F,0.00
1720850,B,3.00
1720850,F,0.00
1720850,C,2.00
1720850,C-,1.70
1720862,B,3.00
1720862,F,0.00
1720862,F,0.00
1720862,F,0.00
1720862,F,0.00
1720862,F,0.00
1720862,C,2.00
1720862,F,0.00
1720862,D-,0.70
1720862,B-,2.70
1720879,D-,0.70
1720879,F,0.00
1720879,F,0.00
1720879,F,0.00
1720879,B-,2.70
1720879,C,2.00
1720879,C-,1.70
1720879,B-,2.70
1720879,C-,1.70
1720888,F,0.00
1720888,B,3.00
1720888,F,0.00
1720888,F,0.00
1720888,C,2.00
1720888,F,0.00
1720888,C,2.00
1720888,F,0.00
1720893,A,4.00
1720893,A-,3.70
1720893,B,3.00
1720893,A,4.00
1720893,B-,2.70
1720893,A,4.00
1720893,B,3.00
1720893,A,4.00
1720893,B-,2.70
1720893,A,4.00
1720895,A,4.00
1720895,C-,1.70
1720895,A,4.00
1720895,A-,3.70
1720895,D+,1.30
1720895,B-,2.70
1720895,B+,3.30
1720895,A,4.00
1720895,B,3.00
1720895,B-,2.70
1720895,A,4.00
1720895,C+,2.30
1720937,B,3.00
1720937,B-,2.70
1720937,C,2.00
1720937,A-,3.70
1720937,C+,2.30
1720937,B+,3.30
1720937,B,3.00
1720937,C,2.00
1720937,A-,3.70
1720970,B+,3.30
1720970,B,3.00
1720970,B+,3.30
1720970,B-,2.70
1720970,A-,3.70
1720970,A,4.00
1720970,A,4.00
1720970,A-,3.70
1720970,A,4.00
1720970,A,4.00
1720970,A,4.00
1720970,A,4.00
1720976,F,0.00
1720976,F,0.00
1720976,B,3.00
1720976,B+,3.30
1720976,B,3.00
1720976,C-,1.70
1720976,A-,3.70
1720976,A-,3.70
1720976,C-,1.70
1720976,F,0.00
1721002,B,3.00
1721002,A,4.00
1721002,B+,3.30
1721002,A,4.00
1721002,B-,2.70
1721002,A,4.00
1721002,A,4.00
1721002,A,4.00
1721002,A,4.00
1721002,A-,3.70
1721002,A,4.00
1721002,A,4.00
1721007,D,1.00
1721007,B+,3.30
1721007,A,4.00
1721007,A-,3.70
1721007,C-,1.70
1721007,C,2.00
1721007,B,3.00
1721007,D+,1.30
1721007,B+,3.30
1721017,A-,3.70
1721017,D+,1.30
1721017,B-,2.70
1721017,A-,3.70
1721017,B+,3.30
1721017,B,3.00
1721017,B+,3.30
1721017,C-,1.70
1721017,B+,3.30
1721017,A-,3.70
1721017,A,4.00
1721038,A-,3.70
1721038,C+,2.30
1721038,A,4.00
1721038,A-,3.70
1721038,C,2.00
1721038,F,0.00
1721038,B-,2.70
1721038,A,4.00
1721038,A-,3.70
1721038,C+,2.30
1721038,C,2.00
1721041,C,2.00
1721041,B-,2.70
1721041,B-,2.70
1721041,A-,3.70
1721041,B+,3.30
1721041,C+,2.30
1721041,A,4.00
1721041,D,1.00
1721041,B+,3.30
1721041,C,2.00
1721041,B+,3.30
1721054,B-,2.70
1721054,C-,1.70
1721054,B,3.00
1721054,B-,2.70
1721054,A-,3.70
1721054,A,4.00
1721054,B-,2.70
1721054,B+,3.30
1721054,B-,2.70
1721054,A,4.00
1721054,A-,3.70
1721061,F,0.00
1721061,D,1.00
1721061,F,0.00
1721061,F,0.00
1721061,D,1.00
1721061,B+,3.30
1721061,B,3.00
1721061,F,0.00
1721061,F,0.00
1721061,F,0.00
1721088,B,3.00
1721088,A-,3.70
1721088,C,2.00
1721088,B+,3.30
1721088,B+,3.30
1721088,A,4.00
1721088,B-,2.70
1721088,A-,3.70
1721088,A,4.00
1721090,A,4.00
1721090,A,4.00
1721090,A,4.00
1721090,A-,3.70
1721090,A-,3.70
1721090,A,4.00
1721090,A,4.00
1721090,A,4.00
1721090,A,4.00
1721090,A-,3.70
1721090,B+,3.30
1721090,A,4.00
1721090,A,4.00
1721093,B+,3.30
1721093,A,4.00
1721093,B,3.00
1721093,C,2.00
1721093,A,4.00
1721093,A,4.00
1721093,C+,2.30
1721093,A,4.00
1721093,A,4.00
1721093,A-,3.70
1721094,D+,1.30
1721094,B+,3.30
1721094,F,0.00
1721094,A,4.00
1721094,C+,2.30
1721094,C+,2.30
1721094,A-,3.70
1721094,A-,3.70
1721094,A,4.00
1721094,B-,2.70
1721094,A,4.00
1721103,B,3.00
1721103,B+,3.30
1721103,A,4.00
1721103,C+,2.30
1721103,C+,2.30
1721103,C+,2.30
1721103,A-,3.70
1721103,C+,2.30
1721103,C-,1.70
1721103,B+,3.30
1721103,B+,3.30
1721103,B-,2.70
1721103,B+,3.30
1721103,C,2.00
1721119,B-,2.70
1721119,C,2.00
1721119,C,2.00
1721119,A,4.00
1721119,C,2.00
1721119,B+,3.30
1721119,B-,2.70
1721119,C,2.00
1721119,B-,2.70
1721119,B-,2.70
1721119,F,0.00
1721156,C,2.00
1721156,D,1.00
1721156,F,0.00
1721156,F,0.00
1721156,D,1.00
1721196,B,3.00
1721196,C,2.00
1721196,B+,3.30
1721196,A-,3.70
1721196,D-,0.70
1721196,B,3.00
1721196,B-,2.70
1721196,B,3.00
1721202,A-,3.70
1721202,C+,2.30
1721202,A,4.00
1721202,A,4.00
1721202,A-,3.70
1721202,B,3.00
1721202,A,4.00
1721202,A-,3.70
1721202,A,4.00
1721202,A-,3.70
1721202,C+,2.30
1721202,B-,2.70
1721204,A,4.00
1721204,A,4.00
1721204,B-,2.70
1721204,B+,3.30
1721204,A-,3.70
1721208,A-,3.70
1721208,A,4.00
1721208,A,4.00
1721208,A-,3.70
1721208,A,4.00
1721208,A,4.00
1721208,A,4.00
1721208,A-,3.70
1721208,B+,3.30
1721208,A,4.00
1721208,B+,3.30
1721228,A,4.00
1721228,B+,3.30
1721228,C-,1.70
1721228,C+,2.30
1721228,A,4.00
1721228,B,3.00
1721228,A-,3.70
1721228,B,3.00
1721228,A,4.00
1721229,C,2.00
1721229,C,2.00
1721229,D+,1.30
1721229,C,2.00
1721229,D+,1.30
1721229,B,3.00
1721229,C+,2.30
1721229,F,0.00
1721229,C-,1.70
1721237,A,4.00
1721237,A,4.00
1721237,A,4.00
1721237,A,4.00
1721237,A,4.00
1721237,A,4.00
1721237,A,4.00
1721237,A,4.00
1721237,A,4.00
1721237,A,4.00
1721237,A,4.00
1721237,A,4.00
1721237,A,4.00
1721237,A,4.00
1721237,A,4.00
1721242,A,4.00
1721242,A,4.00
1721242,A,4.00
1721242,A,4.00
1721242,A,4.00
1721242,A-,3.70
1721242,A,4.00
1721242,A,4.00
1721242,A,4.00
1721242,A,4.00
1721242,A,4.00
1721242,A,4.00
1721242,A,4.00
1721257,C+,2.30
1721257,C,2.00
1721257,A,4.00
1721257,B-,2.70
1721257,A-,3.70
1721257,A-,3.70
1721257,C+,2.30
1721257,D,1.00
1721257,B-,2.70
1721257,A-,3.70
1721257,C,2.00
1721260,B+,3.30
1721260,B+,3.30
1721260,B-,2.70
1721260,C+,2.30
1721260,B-,2.70
1721260,B+,3.30
1721260,D-,0.70
1721260,C,2.00
1721260,D-,0.70
1721260,B,3.00
1721260,F,0.00
1721260,B+,3.30
1721266,A,4.00
1721266,A-,3.70
1721266,B-,2.70
1721266,D+,1.30
1721266,B+,3.30
1721266,A-,3.70
1721266,C+,2.30
1721266,A-,3.70
1721266,A-,3.70
1721266,A,4.00
1721266,C+,2.30
1721266,B-,2.70
1721269,A,4.00
1721269,A,4.00
1721269,A-,3.70
1721269,A,4.00
1721269,A,4.00
1721269,A,4.00
1721269,A,4.00
1721269,A,4.00
1721269,A,4.00
1721271,B,3.00
1721271,B+,3.30
1721271,B,3.00
1721271,C-,1.70
1721271,A-,3.70
1721271,B,3.00
1721271,C-,1.70
1721271,B,3.00
1721271,A,4.00
1721271,B-,2.70
1721271,B+,3.30
1721277,A,4.00
1721277,B,3.00
1721277,A-,3.70
1721277,A-,3.70
1721277,A,4.00
1721277,A,4.00
1721277,B-,2.70
1721277,A-,3.70
1721277,A-,3.70
1721277,A,4.00
1721277,A-,3.70
1721278,A,4.00
1721278,A,4.00
1721278,A,4.00
1721278,A,4.00
1721278,A,4.00
1721278,A,4.00
1721278,A,4.00
1721278,A,4.00
1721278,A-,3.70
1721280,C-,1.70
1721280,C,2.00
1721280,F,0.00
1721280,C+,2.30
1721280,F,0.00
1721280,C,2.00
1721280,C-,1.70
1721280,B,3.00
1721280,C,2.00
1721280,B-,2.70
1721280,C+,2.30
1721280,B+,3.30
1721691,F,0.00
1721691,F,0.00
1721691,A-,3.70
1721693,A,4.00
1721693,A-,3.70
1721693,A,4.00
1721693,B+,3.30
1721693,A,4.00
1721693,A,4.00
1721693,A,4.00
1721693,B,3.00
1721693,B+,3.30
1721695,A-,3.70
1721695,A,4.00
1721695,A,4.00
1721695,B+,3.30
1721695,B+,3.30
1721695,A,4.00
1721695,A,4.00
1721695,A-,3.70
1721695,A-,3.70
1721695,A,4.00
1721695,A-,3.70
1721699,A-,3.70
1721699,B-,2.70
1721699,F,0.00
1721699,F,0.00
1721699,C-,1.70
1721699,D,1.00
1721699,D-,0.70
1721699,C+,2.30
1721699,B,3.00
1721699,F,0.00
1721699,F,0.00
1721699,F,0.00
1721699,D,1.00
1721715,A,4.00
1721715,A,4.00
1721715,B,3.00
1721715,A,4.00
1721715,B+,3.30
1721715,B,3.00
1721715,A-,3.70
1721719,A,4.00
1721719,A,4.00
1721719,A,4.00
1721719,A-,3.70
1721719,A,4.00
1721719,B-,2.70
1721719,B,3.00
1721719,A,4.00
1721719,A,4.00
1721719,B+,3.30
1721723,A,4.00
1721723,A,4.00
1721723,B+,3.30
1721723,A,4.00
1721723,A,4.00
1721723,A,4.00
1721723,A-,3.70
1721723,A,4.00
1721723,A-,3.70
1721723,B,3.00
1721723,A,4.00
1721723,A,4.00
1721723,A-,3.70
1721726,B,3.00
1721726,A,4.00
1721726,A,4.00
1721726,A,4.00
1721726,A,4.00
1721726,A-,3.70
1721726,B+,3.30
1721726,A,4.00
1721726,A-,3.70
1721726,A,4.00
1721726,A,4.00
1721727,A,4.00
1721727,A,4.00
1721727,A,4.00
1721727,A,4.00
1721727,B,3.00
1721727,A,4.00
1721727,A,4.00
1721727,A,4.00
1721727,A,4.00
1721727,A,4.00
1721727,A,4.00
1721727,A,4.00
1721727,A,4.00
1721728,A,4.00
1721728,A,4.00
1721728,A,4.00
1721728,A,4.00
1721728,A,4.00
1721728,A-,3.70
1721728,A,4.00
1721728,A,4.00
1721728,A,4.00
1721728,A-,3.70
1721734,A,4.00
1721734,B,3.00
1721734,A-,3.70
1721734,A,4.00
1721734,A,4.00
1721734,A,4.00
1721734,A,4.00
1721734,A,4.00
1721734,A,4.00
1721734,A,4.00
1721734,A-,3.70
1721736,B-,2.70
1721736,A,4.00
1721736,C,2.00
1721736,B+,3.30
1721736,C,2.00
1721736,A-,3.70
1721736,A-,3.70
1721736,B,3.00
1721736,B,3.00
1721736,B+,3.30
1721736,B-,2.70
1721736,A,4.00
1721747,A,4.00
1721747,B,3.00
1721747,A,4.00
1721747,B,3.00
1721747,A,4.00
1721747,B,3.00
1721747,A-,3.70
1721747,A-,3.70
1721747,A,4.00
1721747,A-,3.70
1721747,A-,3.70
1721747,A-,3.70
1721751,A,4.00
1721751,A,4.00
1721751,A,4.00
1721751,A-,3.70
1721751,A,4.00
1721751,A,4.00
1721751,A,4.00
1721751,A,4.00
1721751,A-,3.70
1721751,A,4.00
1721751,A-,3.70
1721758,A,4.00
1721758,A,4.00
1721758,A,4.00
1721758,A,4.00
1721758,A,4.00
1721758,A,4.00
1721758,A-,3.70
1721758,A,4.00
1721758,A,4.00
1721758,A,4.00
1721758,A,4.00
1721758,A,4.00
1721764,F,0.00
1721764,F,0.00
1721764,F,0.00
1721764,B,3.00
1721764,F,0.00
1721774,A,4.00
1721774,A,4.00
1721774,A,4.00
1721774,A,4.00
1721774,A,4.00
1721774,A-,3.70
1721774,A,4.00
1721774,A,4.00
1721774,A,4.00
1721774,A,4.00
1721774,A,4.00
1721774,A,4.00
1721774,A,4.00
1721782,B+,3.30
1721782,A,4.00
1721782,B-,2.70
1721782,A,4.00
1721782,A-,3.70
1721782,A,4.00
1721782,B,3.00
1721782,B-,2.70
1721782,A,4.00
1721782,B-,2.70
1721782,A,4.00
1721782,A,4.00
1721807,A,4.00
1721807,A,4.00
1721807,A,4.00
1721807,A,4.00
1721807,A,4.00
1721807,B+,3.30
1721807,B+,3.30
1721807,B,3.00
1721807,A,4.00
1721807,A,4.00
1721807,B,3.00
1721807,A,4.00
1721807,A,4.00
1721810,B+,3.30
1721810,A,4.00
1721810,B,3.00
1721810,B-,2.70
1721810,A-,3.70
1721810,A,4.00
1721810,B-,2.70
1721810,A-,3.70
1721810,C+,2.30
1721810,A-,3.70
1721810,B+,3.30
1721814,A-,3.70
1721814,C+,2.30
1721814,A,4.00
1721814,A,4.00
1721814,B+,3.30
1721814,B-,2.70
1721814,A,4.00
1721814,A,4.00
1721814,A,4.00
1721814,A,4.00
1721814,A,4.00
1721814,A,4.00
1721814,A,4.00
1721815,A,4.00
1721815,A,4.00
1721815,A,4.00
1721815,A,4.00
1721815,A,4.00
1721815,B+,3.30
1721815,A,4.00
1721815,A,4.00
1721815,A,4.00
1721815,A,4.00
1721815,B+,3.30
1721818,F,0.00
1721818,F,0.00
1721818,D-,0.70
1721818,C,2.00
1721818,D-,0.70
1721818,A-,3.70
1721818,F,0.00
1721818,A,4.00
1721818,F,0.00
1721818,A-,3.70
1721818,C+,2.30
1721818,D-,0.70
1721818,B+,3.30
1721821,B-,2.70
1721821,B,3.00
1721821,A-,3.70
1721821,B,3.00
1721821,A,4.00
1721821,B-,2.70
1721821,A,4.00
1721821,B+,3.30
1721821,A,4.00
1721821,A-,3.70
1721821,A,4.00
1721821,A,4.00
1721826,D-,0.70
1721826,D+,1.30
1721826,F,0.00
1721826,F,0.00
1721826,F,0.00
1721826,F,0.00
1721830,D-,0.70
1721840,B+,3.30
1721840,A,4.00
1721840,A,4.00
1721840,B+,3.30
1721840,A,4.00
1721840,A-,3.70
1721840,B+,3.30
1721840,A,4.00
1721840,A-,3.70
1721840,B+,3.30
1721840,B+,3.30
1721840,A,4.00
1721840,A,4.00
1721840,B,3.00
1721841,B+,3.30
1721841,A,4.00
1721841,A,4.00
1721841,C+,2.30
1721841,A,4.00
1721841,A,4.00
1721841,A,4.00
1721841,A,4.00
1721841,A,4.00
1721841,A,4.00
1721844,A,4.00
1721844,A,4.00
1721844,A,4.00
1721844,A,4.00
1721844,A,4.00
1721844,A,4.00
1721844,A,4.00
1721844,A,4.00
1721844,A,4.00
1721844,A,4.00
1721844,A,4.00
1721844,A,4.00
1721862,B-,2.70
1721862,D-,0.70
1721862,C-,1.70
1721862,B+,3.30
1721862,F,0.00
1721862,A-,3.70
1721862,B,3.00
1721862,C,2.00
1721862,B,3.00
1721862,A,4.00
1721862,B,3.00
1721866,B+,3.30
1721866,B+,3.30
1721866,A,4.00
1721866,A,4.00
1721866,B-,2.70
1721866,A,4.00
1721866,A-,3.70
1721866,A,4.00
1721866,B-,2.70
1721866,B-,2.70
1721866,A,4.00
1721866,A,4.00
1721875,C+,2.30
1721875,B,3.00
1721875,A,4.00
1721875,B,3.00
1721875,D,1.00
1721875,B+,3.30
1721875,D-,0.70
1721875,A,4.00
1721875,B,3.00
1721875,A,4.00
1721875,A-,3.70
1721875,C+,2.30
1721878,A-,3.70
1721878,A,4.00
1721878,A,4.00
1721878,A,4.00
1721878,A,4.00
1721878,A,4.00
1721878,A,4.00
1721878,A,4.00
1721878,A,4.00
1721878,B+,3.30
1721878,A,4.00
1721885,C-,1.70
1721902,A,4.00
1721902,B-,2.70
1721902,B,3.00
1721902,C+,2.30
1721902,C,2.00
1721902,B+,3.30
1721902,C+,2.30
1721902,B,3.00
1721902,A-,3.70
1721902,B-,2.70
1721902,A,4.00
1721905,A-,3.70
1721905,B,3.00
1721905,B,3.00
1721905,B,3.00
1721905,A-,3.70
1721905,A-,3.70
1721905,A-,3.70
1721905,C-,1.70
1721905,A,4.00
1721905,A,4.00
1721905,A,4.00
1721905,A,4.00
1721918,F,0.00
1721918,F,0.00
1721918,D-,0.70
1721918,F,0.00
1721918,A-,3.70
1721918,F,0.00
1721918,F,0.00
1721938,A-,3.70
1721938,B,3.00
1721938,B+,3.30
1721938,A,4.00
1721938,A,4.00
1721938,B+,3.30
1721938,A,4.00
1721938,A,4.00
1721938,A,4.00
1721938,A,4.00
1721938,A-,3.70
1721938,A,4.00
1721941,A,4.00
1721941,A,4.00
1721941,B,3.00
1721941,B,3.00
1721941,A,4.00
1721941,B-,2.70
1721941,B+,3.30
1721941,A,4.00
1721941,A,4.00
1721941,A-,3.70
1721944,A,4.00
1721944,A-,3.70
1721944,A-,3.70
1721944,A,4.00
1721944,C,2.00
1721944,C-,1.70
1721944,A,4.00
1721944,A,4.00
1721944,A,4.00
1721944,A,4.00
1721944,B-,2.70
1721944,A,4.00
1721944,A,4.00
1721946,A,4.00
1721946,A-,3.70
1721946,A-,3.70
1721946,A,4.00
1721946,A,4.00
1721946,A-,3.70
1721946,A,4.00
1721946,B,3.00
1721946,A,4.00
1721946,A-,3.70
1721946,A-,3.70
1721946,B-,2.70
1721962,A-,3.70
1721962,A,4.00
1721962,B,3.00
1721962,B+,3.30
1721962,A-,3.70
1721962,A-,3.70
1721962,A,4.00
1721962,B,3.00
1721962,B-,2.70
1721962,A-,3.70
1721977,B-,2.70
1721977,B,3.00
1721977,B+,3.30
1721977,B,3.00
1721977,B,3.00
1721977,A,4.00
1721977,C+,2.30
1721977,C+,2.30
1721977,A-,3.70
1721977,C+,2.30
1721977,B,3.00
1721978,A,4.00
1721978,B+,3.30
1721978,A-,3.70
1721978,B-,2.70
1721978,C+,2.30
1721981,A-,3.70
1721981,A-,3.70
1721981,B+,3.30
1721981,A-,3.70
1721981,A,4.00
1721981,B+,3.30
1721981,B,3.00
1721981,B+,3.30
1721981,B,3.00
1722017,B,3.00
1722017,A-,3.70
1722017,B+,3.30
1722017,A,4.00
1722017,A-,3.70
1722017,B+,3.30
1722017,A,4.00
1722017,B,3.00
1722017,A-,3.70
1722017,B,3.00
1722017,B+,3.30
1722021,A,4.00
1722021,A,4.00
1722021,A-,3.70
1722021,A,4.00
1722021,A,4.00
1722021,A-,3.70
1722021,A-,3.70
1722021,A,4.00
1722021,A,4.00
1722021,B,3.00
1722021,B,3.00
1722021,A-,3.70
1722021,A-,3.70
1722021,A,4.00
1722022,A,4.00
1722022,A-,3.70
1722022,A-,3.70
1722022,A,4.00
1722022,A,4.00
1722022,A,4.00
1722022,B,3.00
1722022,A-,3.70
1722022,A,4.00
1722022,A,4.00
1722022,A,4.00
1722024,C-,1.70
1722024,A,4.00
1722024,C+,2.30
1722024,B,3.00
1722024,B,3.00
1722024,C+,2.30
1722024,A,4.00
1722024,B,3.00
1722024,A,4.00
1722024,B-,2.70
1722024,B-,2.70
1722024,B-,2.70
1722041,A-,3.70
1722041,A-,3.70
1722041,A,4.00
1722041,A-,3.70
1722041,A,4.00
1722041,A,4.00
1722041,A-,3.70
1722041,A,4.00
1722041,A-,3.70
1722041,A,4.00
1722041,B+,3.30
1722042,A,4.00
1722042,A,4.00
1722042,A,4.00
1722042,B,3.00
1722042,B+,3.30
1722042,A,4.00
1722042,A,4.00
1722042,A,4.00
1722042,A,4.00
1722042,A,4.00
1722042,A,4.00
1722042,A,4.00
1722045,B,3.00
1722045,A,4.00
1722045,D,1.00
1722045,F,0.00
1722045,A,4.00
1722045,D,1.00
1722045,A,4.00
1722045,F,0.00
1722045,IN,0.00
1722053,A,4.00
1722053,A,4.00
1722053,A,4.00
1722053,A,4.00
1722053,A,4.00
1722053,B+,3.30
1722053,A,4.00
1722053,A-,3.70
1722053,A,4.00
1722057,B-,2.70
1722057,B-,2.70
1722057,B-,2.70
1722057,C-,1.70
1722057,B,3.00
1722057,A-,3.70
1722057,B,3.00
1722057,B+,3.30
1722057,B,3.00
1722057,B+,3.30
1722057,B-,2.70
1722057,A,4.00
1722073,A,4.00
1722073,A,4.00
1722073,A,4.00
1722073,A,4.00
1722073,A,4.00
1722073,A-,3.70
1722073,B,3.00
1722073,B,3.00
1722073,A,4.00
1722073,A,4.00
1722075,A,4.00
1722075,A,4.00
1722075,A,4.00
1722075,A,4.00
1722075,A,4.00
1722075,A,4.00
1722075,A,4.00
1722075,A,4.00
1722075,A,4.00
1722075,A,4.00
1722075,A,4.00
1722075,A,4.00
1722075,A,4.00
1722075,A,4.00
1722084,A,4.00
1722084,A-,3.70
1722084,A,4.00
1722084,A,4.00
1722084,A,4.00
1722084,B,3.00
1722084,A,4.00
1722084,A,4.00
1722084,A,4.00
1722084,B-,2.70
1722084,A,4.00
1722084,B+,3.30
1722084,A,4.00
1722094,D+,1.30
1722094,C,2.00
1722094,C,2.00
1722094,C,2.00
1722094,B,3.00
1722094,B+,3.30
1722094,A,4.00
1722094,C,2.00
1722094,A,4.00
1722094,C-,1.70
1722094,B-,2.70
1722094,A-,3.70
1722094,B,3.00
1722102,B+,3.30
1722102,A,4.00
1722102,A,4.00
1722102,A-,3.70
1722102,B+,3.30
1722102,A-,3.70
1722102,A,4.00
1722102,A,4.00
1722102,A,4.00
1722102,A,4.00
1722102,B-,2.70
1722102,A,4.00
1722102,A-,3.70
1722106,F,0.00
1722106,A,4.00
1722106,F,0.00
1722106,F,0.00
1722106,F,0.00
1722110,B-,2.70
1722110,B+,3.30
1722110,B+,3.30
1722110,F,0.00
1722110,F,0.00
1722110,B-,2.70
1722115,C+,2.30
1722115,F,0.00
1722115,C-,1.70
1722115,C,2.00
1722115,F,0.00
1722115,A,4.00
1722115,B-,2.70
1722115,B,3.00
1722115,C,2.00
1722131,A,4.00
1722131,B-,2.70
1722131,A,4.00
1722131,B-,2.70
1722131,A,4.00
1722131,A,4.00
1722131,A,4.00
1722147,F,0.00
1722147,B-,2.70
1722152,F,0.00
1722152,F,0.00
1722152,F,0.00
1722152,F,0.00
1722152,F,0.00
1722152,F,0.00
1722161,A,4.00
1722161,A,4.00
1722161,A,4.00
1722161,A,4.00
1722161,A,4.00
1722161,A,4.00
1722161,A,4.00
1722161,A,4.00
1722161,A,4.00
1722161,A,4.00
1722161,A,4.00
1722161,A,4.00
1722175,A,4.00
1722175,A,4.00
1722175,A-,3.70
1722175,B,3.00
1722175,C+,2.30
1722175,A,4.00
1722194,A,4.00
1722194,B+,3.30
1722194,A,4.00
1722194,A,4.00
1722194,A,4.00
1722194,A,4.00
1722194,A,4.00
1722194,A,4.00
1722194,A,4.00
1722194,A,4.00
1722194,A,4.00
1722194,A,4.00
1722194,A,4.00
1722197,C,2.00
1722197,C,2.00
1722197,C+,2.30
1722197,A-,3.70
1722197,C,2.00
1722197,B-,2.70
1722197,C,2.00
1722197,C+,2.30
1722197,A-,3.70
1722197,C-,1.70
1722201,F,0.00
1722201,F,0.00
1722201,F,0.00
1722212,F,0.00
1722212,F,0.00
1722212,F,0.00
1722212,F,0.00
1722216,B+,3.30
1722216,B,3.00
1722216,B-,2.70
1722216,B,3.00
1722216,A,4.00
1722216,A-,3.70
1722226,B+,3.30
1722226,B+,3.30
1722226,C,2.00
1722226,A,4.00
1722226,A-,3.70
1722226,IN,0.00
1722226,D,1.00
1722226,A-,3.70
1722226,F,0.00
1722226,C,2.00
1722226,F,0.00
1722226,F,0.00
1722230,A,4.00
1722230,A,4.00
1722230,A,4.00
1722230,A,4.00
1722230,A,4.00
1722230,A,4.00
1722230,A,4.00
1722230,A,4.00
1722230,A,4.00
1722230,A,4.00
1722230,A,4.00
1722230,A,4.00
1722230,A,4.00
1722236,B+,3.30
1722236,B,3.00
1722236,B+,3.30
1722236,B-,2.70
1722236,B-,2.70
1722236,C,2.00
1722276,A-,3.70
1722276,A,4.00
1722276,C,2.00
1722276,A,4.00
1722276,A,4.00
1722276,A,4.00
1722276,A-,3.70
1722276,B+,3.30
1722276,C,2.00
1722276,B,3.00
1722276,B,3.00
1722276,A,4.00
1722276,A,4.00
1722276,A-,3.70
1722276,B,3.00
1722276,B-,2.70
1722286,A,4.00
1722286,A,4.00
1722286,C-,1.70
1722286,A,4.00
1722286,A,4.00
1722286,B+,3.30
1722286,A,4.00
1722286,B,3.00
1722286,A-,3.70
1722286,B+,3.30
1722286,A,4.00
1722286,A-,3.70
1722286,A,4.00
1722286,B,3.00
1722316,A-,3.70
1722316,C+,2.30
1722316,A,4.00
1722316,A,4.00
1722316,C+,2.30
1722316,A,4.00
1722316,A,4.00
1722316,B+,3.30
1722316,B+,3.30
1722316,C+,2.30
1722316,A-,3.70
1722316,A-,3.70
1722334,A,4.00
1722334,A,4.00
1722334,A,4.00
1722334,A,4.00
1722334,A,4.00
1722334,A,4.00
1722334,B+,3.30
1722334,A,4.00
1722334,A,4.00
1722334,B+,3.30
1722334,A,4.00
1722334,A,4.00
1722360,A,4.00
1722360,A,4.00
1722360,A,4.00
1722360,A,4.00
1722360,A,4.00
1722360,A,4.00
1722360,A,4.00
1722360,A,4.00
1722360,A,4.00
1722360,A-,3.70
1722360,A,4.00
1722360,A-,3.70
1722366,B-,2.70
1722366,C,2.00
1722366,C,2.00
1722366,B-,2.70
1722366,A,4.00
1722366,B-,2.70
1722366,A,4.00
1722366,C-,1.70
1722366,A,4.00
1722366,B-,2.70
1722366,B,3.00
1722366,C-,1.70
1722368,B+,3.30
1722368,A,4.00
1722368,A,4.00
1722368,A,4.00
1722368,A-,3.70
1722368,A,4.00
1722368,A,4.00
1722368,B+,3.30
1722368,A,4.00
1722368,A,4.00
1722368,A,4.00
1722368,A,4.00
1722372,A,4.00
1722372,A,4.00
1722372,A,4.00
1722372,A,4.00
1722372,A,4.00
1722372,B+,3.30
1722372,A,4.00
1722372,A,4.00
1722372,A,4.00
1722372,A,4.00
1722372,A,4.00
1722372,A,4.00
1722372,A,4.00
1722376,B-,2.70
1722376,A,4.00
1722376,A,4.00
1722376,B,3.00
1722376,A,4.00
1722376,A-,3.70
1722376,B,3.00
1722391,B,3.00
1722391,C-,1.70
1722391,A-,3.70
1722391,B,3.00
1722391,B,3.00
1722391,A-,3.70
1722391,C-,1.70
1722391,A,4.00
1722391,C-,1.70
1722391,A,4.00
1722391,A-,3.70
1722391,B-,2.70
1722403,C-,1.70
1722403,D+,1.30
1722403,F,0.00
1722403,F,0.00
1722403,D-,0.70
1722403,D-,0.70
1722403,D,1.00
1722403,F,0.00
1722403,B,3.00
1722403,B+,3.30
1722422,A,4.00
1722422,A,4.00
1722422,A,4.00
1722422,A,4.00
1722422,A,4.00
1722422,A,4.00
1722422,A,4.00
1722422,A,4.00
1722422,A,4.00
1722422,A,4.00
1722422,A,4.00
1722422,A,4.00
1722422,A,4.00
1722422,A,4.00
1722432,B-,2.70
1722432,C,2.00
1722432,C+,2.30
1722432,B,3.00
1722432,C,2.00
1722432,A-,3.70
1722432,B,3.00
1722432,C,2.00
1722432,C+,2.30
1722432,F,0.00
1722432,C,2.00
1722444,B+,3.30
1722444,B,3.00
1722444,A,4.00
1722444,B,3.00
1722444,A,4.00
1722444,C,2.00
1722444,C+,2.30
1722444,A-,3.70
1722444,A-,3.70
1722444,A,4.00
1722467,F,0.00
1722467,D,1.00
1722467,A-,3.70
1722467,B,3.00
1722467,D-,0.70
1722467,F,0.00
1722467,B+,3.30
1722467,C+,2.30
1722467,C-,1.70
1722488,A,4.00
1722488,A,4.00
1722488,A,4.00
1722488,A,4.00
1722488,B,3.00
1722488,A,4.00
1722488,A-,3.70
1722488,B,3.00
1722488,A,4.00
1722488,A,4.00
1722500,A,4.00
1722500,B-,2.70
1722500,B+,3.30
1722500,B+,3.30
1722500,B-,2.70
1722557,A,4.00
1722557,A,4.00
1722557,A,4.00
1722557,A,4.00
1722557,A,4.00
1722557,A,4.00
1722557,A,4.00
1722557,A,4.00
1722557,A,4.00
1722557,A,4.00
1722557,A,4.00
1722565,D,1.00
1722565,B,3.00
1722565,D,1.00
1722565,B-,2.70
1722565,B,3.00
1722565,B,3.00
1722565,B-,2.70
1722565,B-,2.70
1722565,C,2.00
1722565,A-,3.70
1722565,B,3.00
1722577,B,3.00
1722577,A-,3.70
1722577,D,1.00
1722577,A,4.00
1722577,B-,2.70
1722577,D+,1.30
1722577,C+,2.30
1722577,A-,3.70
1722577,B,3.00
1722577,A,4.00
1722577,B-,2.70
1722586,C+,2.30
1722586,A,4.00
1722586,C,2.00
1722586,A-,3.70
1722586,A,4.00
1722586,B-,2.70
1722586,B+,3.30
1722586,A,4.00
1722586,B+,3.30
1722586,C,2.00
1722586,B,3.00
1722586,A,4.00
1722589,F,0.00
1722589,B-,2.70
1722589,D+,1.30
1722589,F,0.00
1722642,B-,2.70
1722642,B-,2.70
1722642,C+,2.30
1722642,B,3.00
1722642,D,1.00
1722642,B-,2.70
1722642,C,2.00
1722642,C+,2.30
1722642,D,1.00
1722664,A,4.00
1722664,A,4.00
1722664,A,4.00
1722664,B+,3.30
1722664,A,4.00
1722664,A,4.00
1722664,A-,3.70
1722664,A-,3.70
1722664,A-,3.70
1722664,A,4.00
1722664,A,4.00
1722664,A,4.00
1722664,A,4.00
1722676,C,2.00
1722676,D+,1.30
1722676,B,3.00
1722676,C,2.00
1722676,C+,2.30
1722676,C+,2.30
1722676,C-,1.70
1722676,A,4.00
1722676,C-,1.70
1722676,F,0.00
1722716,F,0.00
1722716,A,4.00
1722716,C+,2.30
1722716,B,3.00
1722716,A-,3.70
1722716,A,4.00
1722716,A,4.00
1722716,A,4.00
1722729,C+,2.30
1722729,D+,1.30
1722729,A-,3.70
1722729,B,3.00
1722729,D+,1.30
1722729,F,0.00
1722729,D,1.00
1722729,D-,0.70
1722729,B+,3.30
1722729,C,2.00
1722729,B,3.00
1722729,D,1.00
1722749,B-,2.70
1722749,B,3.00
1722749,A,4.00
1722749,A,4.00
1722749,B-,2.70
1722749,A,4.00
1722749,A,4.00
1722749,A,4.00
1722749,A-,3.70
1722749,F,0.00
1722749,B,3.00
1722749,A,4.00
1722828,B-,2.70
1722828,A-,3.70
1722828,D+,1.30
1722828,B-,2.70
1722828,C-,1.70
1722828,C,2.00
1722828,A-,3.70
1722828,B,3.00
1722828,F,0.00
1722828,B,3.00
1722828,A,4.00
1722828,B-,2.70
1722844,B+,3.30
1722844,A-,3.70
1722844,B-,2.70
1722844,B,3.00
1722844,C,2.00
1722844,B,3.00
1722844,A-,3.70
1722844,A,4.00
1722844,A-,3.70
1722844,C,2.00
1722844,D+,1.30
1722844,D,1.00
1722860,A-,3.70
1722860,B,3.00
1722860,A,4.00
1722860,B-,2.70
1722860,A,4.00
1722860,B-,2.70
1722860,A-,3.70
1722860,A-,3.70
1722860,A-,3.70
1722860,B,3.00
1722860,A,4.00
1722860,A,4.00
1722915,A,4.00
1722915,A,4.00
1722915,A,4.00
1722915,A,4.00
1722915,A,4.00
1722915,A,4.00
1722915,A,4.00
1722915,A,4.00
1722915,A,4.00
1722915,A,4.00
1722915,A,4.00
1722915,A,4.00
1722915,A,4.00
1722921,A-,3.70
1722921,B+,3.30
1722921,A,4.00
1722921,B+,3.30
1722921,A-,3.70
1722921,A-,3.70
1722921,C,2.00
1722921,B-,2.70
1722921,A-,3.70
1722921,B+,3.30
1722921,A-,3.70
1722921,A-,3.70
1722930,C+,2.30
1722930,F,0.00
1722930,F,0.00
1722930,C+,2.30
1722930,D+,1.30
1722938,B+,3.30
1722938,A,4.00
1722938,A,4.00
1722938,B+,3.30
1722938,A-,3.70
1722938,A-,3.70
1722938,A-,3.70
1722938,B-,2.70
1722938,A,4.00
1722938,A,4.00
1722938,A,4.00
1722943,A,4.00
1722943,B+,3.30
1722943,B+,3.30
1722943,A-,3.70
1722943,B+,3.30
1722943,B+,3.30
1722943,B+,3.30
1722943,A,4.00
1722943,A-,3.70
1722943,B+,3.30
1722943,A,4.00
1722943,A-,3.70
1722956,B-,2.70
1722956,B,3.00
1722956,A-,3.70
1722956,B-,2.70
1722956,B+,3.30
1722956,B,3.00
1722956,C+,2.30
1722956,A,4.00
1722956,B,3.00
1722956,A-,3.70
1722956,A-,3.70
1722975,A,4.00
1722975,A-,3.70
1722975,A-,3.70
1722975,A,4.00
1722975,A,4.00
1722975,A,4.00
1722975,A,4.00
1722975,A,4.00
1722975,B,3.00
1722975,B,3.00
1722975,A,4.00
1722983,A-,3.70
1722983,A,4.00
1722983,A,4.00
1722983,A,4.00
1722983,A-,3.70
1722983,B+,3.30
1722983,A,4.00
1722983,B,3.00
1722983,A-,3.70
1722983,B,3.00
1722983,A,4.00
1722983,B,3.00
1722985,C-,1.70
1722985,D,1.00
1722985,B,3.00
1722985,C,2.00
1722985,D+,1.30
1722985,B+,3.30
1722985,B-,2.70
1722985,C,2.00
1722985,B+,3.30
1722985,C-,1.70
1722992,B-,2.70
1722992,A,4.00
1722992,A-,3.70
1722992,D,1.00
1722992,A-,3.70
1722992,B,3.00
1722992,B+,3.30
1722992,C,2.00
1722992,A,4.00
1722992,A,4.00
1723001,A,4.00
1723001,B,3.00
1723001,A,4.00
1723001,A-,3.70
1723001,B,3.00
1723001,B-,2.70
1723001,B-,2.70
1723001,B,3.00
1723001,A-,3.70
1723001,A-,3.70
1723001,B+,3.30
1723001,A-,3.70
1723003,C-,1.70
1723003,D+,1.30
1723003,C-,1.70
1723003,A,4.00
1723003,B,3.00
1723003,C,2.00
1723003,D+,1.30
1723003,D,1.00
1723003,C-,1.70
1723008,A-,3.70
1723008,F,0.00
1723008,B,3.00
1723008,A-,3.70
1723008,B-,2.70
1723036,B,3.00
1723036,C+,2.30
1723036,B-,2.70
1723036,C,2.00
1723036,C-,1.70
1723036,C-,1.70
1723036,A,4.00
1723036,B,3.00
1723036,D+,1.30
1723036,A-,3.70
1723043,C,2.00
1723043,B-,2.70
1723043,A-,3.70
1723043,C-,1.70
1723043,C+,2.30
1723043,C,2.00
1723043,C,2.00
1723043,C,2.00
1723043,B+,3.30
1723043,B-,2.70
1723047,A-,3.70
1723047,D-,0.70
1723047,B-,2.70
1723047,D,1.00
1723047,B+,3.30
1723047,D,1.00
1723047,F,0.00
1723047,D-,0.70
1723047,C+,2.30
1723047,B+,3.30
1723047,D-,0.70
1723047,C+,2.30
1723048,B+,3.30
1723048,D-,0.70
1723048,A,4.00
1723048,A,4.00
1723048,B-,2.70
1723048,B-,2.70
1723048,C,2.00
1723048,C+,2.30
1723048,A-,3.70
1723048,C,2.00
1723048,C,2.00
1723048,A,4.00
1723055,A,4.00
1723055,A,4.00
1723055,A,4.00
1723055,A,4.00
1723055,A,4.00
1723055,A,4.00
1723055,A,4.00
1723055,A,4.00
1723055,A,4.00
1723055,A,4.00
1723055,A,4.00
1723055,A,4.00
1723058,D-,0.70
1723058,A-,3.70
1723058,B-,2.70
1723058,B-,2.70
1723058,F,0.00
1723058,C,2.00
1723058,C-,1.70
1723058,F,0.00
1723058,B,3.00
1723059,B+,3.30
1723059,B,3.00
1723059,A,4.00
1723059,A,4.00
1723059,B+,3.30
1723059,A-,3.70
1723059,A,4.00
1723059,A,4.00
1723059,A,4.00
1723059,B+,3.30
1723059,B,3.00
1723059,A-,3.70
1723061,D-,0.70
1723061,C-,1.70
1723061,C,2.00
1723061,F,0.00
1723061,B-,2.70
1723061,B,3.00
1723061,B-,2.70
1723061,B-,2.70
1723061,C,2.00
1723061,C+,2.30
1723065,B+,3.30
1723065,B-,2.70
1723065,B,3.00
1723065,B-,2.70
1723065,A,4.00
1723065,B,3.00
1723065,D+,1.30
1723065,C-,1.70
1723065,B,3.00
1723065,B,3.00
1723065,A,4.00
1723071,B,3.00
1723071,C,2.00
1723071,A-,3.70
1723071,B-,2.70
1723071,A,4.00
1723071,B+,3.30
1723071,B+,3.30
1723071,F,0.00
1723071,B-,2.70
1723071,B-,2.70
1723071,B-,2.70
1723077,F,0.00
1723077,F,0.00
1723077,F,0.00
1723077,F,0.00
1723077,F,0.00
1723077,F,0.00
1723078,A,4.00
1723078,A,4.00
1723078,B,3.00
1723078,A,4.00
1723078,A-,3.70
1723078,B,3.00
1723078,A,4.00
1723078,A,4.00
1723078,A,4.00
1723078,A,4.00
1723090,F,0.00
1723090,D+,1.30
1723090,D+,1.30
1723090,D,1.00
1723090,B,3.00
1723090,A,4.00
1723090,B,3.00
1723090,D+,1.30
1723090,A-,3.70
1723090,D-,0.70
1723090,A,4.00
1723090,D,1.00
1723090,D,1.00
1723092,A-,3.70
1723092,B-,2.70
1723092,B-,2.70
1723092,A,4.00
1723092,C+,2.30
1723092,F,0.00
1723092,C+,2.30
1723092,B,3.00
1723092,B-,2.70
1723092,C+,2.30
1723092,A,4.00
1723101,B+,3.30
1723101,A,4.00
1723101,B,3.00
1723101,A-,3.70
1723101,A-,3.70
1723101,A-,3.70
1723101,A,4.00
1723101,A,4.00
1723101,B,3.00
1723101,B,3.00
1723104,F,0.00
1723104,F,0.00
1723104,D-,0.70
1723104,D+,1.30
1723104,F,0.00
1723104,F,0.00
1723104,A,4.00
1723104,F,0.00
1723104,F,0.00
1723106,C+,2.30
1723106,C+,2.30
1723106,A,4.00
1723106,B,3.00
1723106,D,1.00
1723106,C-,1.70
1723130,B+,3.30
1723130,B-,2.70
1723130,D,1.00
1723130,C,2.00
1723130,B,3.00
1723130,C+,2.30
1723130,C+,2.30
1723130,C,2.00
1723130,D+,1.30
1723130,B,3.00
1723142,A,4.00
1723142,A,4.00
1723142,B,3.00
1723142,A,4.00
1723142,A,4.00
1723142,A-,3.70
1723142,B,3.00
1723142,A,4.00
1723142,A,4.00
1723142,A,4.00
1723142,B+,3.30
1723188,A-,3.70
1723188,A-,3.70
1723188,A,4.00
1723188,A,4.00
1723188,A,4.00
1723188,C,2.00
1723188,A,4.00
1723188,B,3.00
1723188,A,4.00
1723188,B,3.00
1723188,A,4.00
1723194,B+,3.30
1723194,A,4.00
1723194,B,3.00
1723194,B+,3.30
1723194,B+,3.30
1723194,A,4.00
1723194,A-,3.70
1723194,A-,3.70
1723194,A,4.00
1723194,B+,3.30
1723194,A-,3.70
1723194,A-,3.70
1723195,C-,1.70
1723195,C,2.00
1723195,B+,3.30
1723195,B,3.00
1723195,A,4.00
1723195,C+,2.30
1723195,B-,2.70
1723195,C+,2.30
1723195,C+,2.30
1723195,B-,2.70
1723198,D+,1.30
1723198,B+,3.30
1723198,C,2.00
1723198,B,3.00
1723198,B,3.00
1723198,B,3.00
1723198,D+,1.30
1723198,A,4.00
1723198,C+,2.30
1723198,A,4.00
1723198,C-,1.70
1723198,C+,2.30
1723204,A,4.00
1723204,C-,1.70
1723204,C,2.00
1723204,A,4.00
1723204,A,4.00
1723204,F,0.00
1723204,D,1.00
1723204,F,0.00
1723204,A,4.00
1723204,A,4.00
1723226,C-,1.70
1723226,B+,3.30
1723226,B,3.00
1723226,C,2.00
1723226,B-,2.70
1723226,A,4.00
1723226,C-,1.70
1723226,A,4.00
1723226,B-,2.70
1723226,B,3.00
1723226,A-,3.70
1723226,B+,3.30
1723226,C,2.00
1723238,A-,3.70
1723238,A-,3.70
1723238,A,4.00
1723238,B,3.00
1723238,A,4.00
1723238,B,3.00
1723238,A-,3.70
1723238,C,2.00
1723238,A,4.00
1723267,B,3.00
1723267,C+,2.30
1723267,A,4.00
1723267,A,4.00
1723267,B+,3.30
1723267,A,4.00
1723267,A-,3.70
1723267,A,4.00
1723267,A,4.00
1723267,B+,3.30
1723267,B-,2.70
1723269,A,4.00
1723269,A,4.00
1723269,A,4.00
1723269,A,4.00
1723269,A-,3.70
1723269,A,4.00
1723276,B-,2.70
1723276,A,4.00
1723276,B,3.00
1723276,B,3.00
1723276,B,3.00
1723276,D+,1.30
1723276,B,3.00
1723276,D+,1.30
1723276,A,4.00
1723276,A,4.00
1723284,A,4.00
1723284,A,4.00
1723284,A,4.00
1723284,A,4.00
1723284,A,4.00
1723284,A,4.00
1723284,A,4.00
1723284,A,4.00
1723284,A,4.00
1723284,A,4.00
1723286,B-,2.70
1723286,C+,2.30
1723286,B,3.00
1723286,A,4.00
1723286,A,4.00
1723286,B-,2.70
1723286,B-,2.70
1723286,B-,2.70
1723286,C+,2.30
1723286,B-,2.70
1723286,A,4.00
1723287,A,4.00
1723287,B-,2.70
1723287,B,3.00
1723287,C,2.00
1723287,A,4.00
1723287,A,4.00
1723287,A-,3.70
1723287,C+,2.30
1723287,A-,3.70
1723287,A,4.00
1723292,B+,3.30
1723292,A-,3.70
1723292,A,4.00
1723292,A,4.00
1723292,A,4.00
1723298,A,4.00
1723298,A-,3.70
1723298,B+,3.30
1723298,A,4.00
1723298,B+,3.30
1723298,A,4.00
1723298,A,4.00
1723298,A,4.00
1723298,A,4.00
1723298,A,4.00
1723302,B+,3.30
1723303,F,0.00
1723304,C-,1.70
1723304,B,3.00
1723304,B-,2.70
1723304,D+,1.30
1723304,B-,2.70
1723304,D+,1.30
1723304,B,3.00
1723304,C,2.00
1723304,C-,1.70
1723304,C-,1.70
1723305,B,3.00
1723305,F,0.00
1723305,F,0.00
1723305,F,0.00
1723305,F,0.00
1723314,B+,3.30
1723314,A,4.00
1723314,B+,3.30
1723314,A,4.00
1723314,A,4.00
1723314,C+,2.30
1723314,A,4.00
1723314,A,4.00
1723314,A,4.00
1723314,A,4.00
1723314,A,4.00
1723317,B-,2.70
1723317,C,2.00
1723317,B-,2.70
1723317,B+,3.30
1723317,A-,3.70
1723326,B,3.00
1723326,B,3.00
1723326,C+,2.30
1723326,A,4.00
1723326,A,4.00
1723326,B+,3.30
1723326,A-,3.70
1723326,B-,2.70
1723326,B,3.00
1723326,B+,3.30
1723337,F,0.00
1723337,F,0.00
1723337,F,0.00
1723337,F,0.00
1723343,B+,3.30
1723343,A,4.00
1723343,A,4.00
1723343,A,4.00
1723343,A-,3.70
1723343,A,4.00
1723343,A,4.00
1723343,A,4.00
1723343,A,4.00
1723343,A,4.00
1723343,A,4.00
1723343,A,4.00
1723346,C,2.00
1723346,C,2.00
1723346,D,1.00
1723346,F,0.00
1723346,F,0.00
1723347,B,3.00
1723347,B,3.00
1723347,C,2.00
1723347,C-,1.70
1723347,B,3.00
1723347,B,3.00
1723347,A,4.00
1723347,A,4.00
1723347,C,2.00
1723347,A,4.00
1723347,A-,3.70
1723357,B,3.00
1723357,A,4.00
1723357,C,2.00
1723357,B,3.00
1723357,A,4.00
1723357,A-,3.70
1723357,C+,2.30
1723357,B-,2.70
1723357,A-,3.70
1723357,B,3.00
1723357,A-,3.70
1723360,A,4.00
1723360,A,4.00
1723360,A,4.00
1723360,A,4.00
1723360,A,4.00
1723360,A,4.00
1723360,A,4.00
1723360,A,4.00
1723360,A,4.00
1723360,A,4.00
1723363,A,4.00
1723363,B+,3.30
1723363,A,4.00
1723363,A,4.00
1723363,A,4.00
1723363,A,4.00
1723363,A,4.00
1723363,A,4.00
1723363,A,4.00
1723363,A,4.00
1723363,A,4.00
1723363,A,4.00
1723364,F,0.00
1723364,D+,1.30
1723367,A,4.00
1723367,A-,3.70
1723367,A,4.00
1723367,A,4.00
1723367,A,4.00
1723367,A,4.00
1723367,A,4.00
1723367,A,4.00
1723367,A,4.00
1723367,A,4.00
1723367,A,4.00
1723367,A-,3.70
1723367,A,4.00
1723367,A-,3.70
1723367,B+,3.30
1723367,IN,0.00
1723376,C,2.00
1723376,A,4.00
1723376,B+,3.30
1723376,D+,1.30
1723376,C+,2.30
1723376,A,4.00
1723376,A,4.00
1723376,D,1.00
1723376,B,3.00
1723376,B,3.00
1723377,A-,3.70
1723377,A-,3.70
1723377,A,4.00
1723377,A,4.00
1723377,A-,3.70
1723377,A,4.00
1723377,A-,3.70
1723377,A-,3.70
1723377,A-,3.70
1723377,C+,2.30
1723377,A,4.00
1723380,C-,1.70
1723380,B-,2.70
1723380,B-,2.70
1723380,C+,2.30
1723380,A-,3.70
1723380,C+,2.30
1723380,D,1.00
1723380,C-,1.70
1723380,A-,3.70
1723381,F,0.00
1723381,D+,1.30
1723381,F,0.00
1723381,F,0.00
1723381,C-,1.70
1723381,F,0.00
1723381,C,2.00
1723381,F,0.00
1723381,F,0.00
1723381,F,0.00
1723381,C,2.00
1723386,A,4.00
1723386,A,4.00
1723386,A,4.00
1723386,A,4.00
1723386,A,4.00
1723386,A,4.00
1723386,A,4.00
1723386,A,4.00
1723386,A,4.00
1723386,A,4.00
1723387,B,3.00
1723387,B,3.00
1723387,C,2.00
1723387,B-,2.70
1723387,D+,1.30
1723387,D+,1.30
1723387,F,0.00
1723387,F,0.00
1723387,F,0.00
1723387,F,0.00
1723387,D,1.00
1723387,F,0.00
1723393,A-,3.70
1723393,A,4.00
1723393,A-,3.70
1723393,B,3.00
1723393,B-,2.70
1723393,B+,3.30
1723393,B,3.00
1723393,A-,3.70
1723393,C+,2.30
1723393,A-,3.70
1723393,C,2.00
1723393,A,4.00
1723396,B+,3.30
1723396,A,4.00
1723396,B-,2.70
1723396,B,3.00
1723396,B,3.00
1723396,B,3.00
1723396,B,3.00
1723396,B,3.00
1723396,B+,3.30
1723396,B,3.00
1723396,B-,2.70
1723396,C+,2.30
1723397,A,4.00
1723397,A,4.00
1723397,A,4.00
1723397,A,4.00
1723397,A,4.00
1723397,B,3.00
1723397,B+,3.30
1723397,A,4.00
1723397,B,3.00
1723397,A-,3.70
1723397,A,4.00
1723397,A,4.00
1723404,A,4.00
1723404,B+,3.30
1723404,A,4.00
1723404,A,4.00
1723404,A-,3.70
1723404,B+,3.30
1723404,B,3.00
1723404,A-,3.70
1723404,B,3.00
1723404,A,4.00
1723404,B,3.00
1723404,A,4.00
1723406,C-,1.70
1723406,C-,1.70
1723406,F,0.00
1723406,F,0.00
1723408,A,4.00
1723408,A,4.00
1723408,A,4.00
1723408,A,4.00
1723408,A,4.00
1723408,A,4.00
1723408,A,4.00
1723408,A,4.00
1723408,A,4.00
1723408,A,4.00
1723408,A,4.00
1723411,D+,1.30
1723411,D+,1.30
1723411,C+,2.30
1723411,A-,3.70
1723411,B,3.00
1723411,A-,3.70
1723411,D,1.00
1723411,F,0.00
1723411,B,3.00
1723411,F,0.00
1723411,C-,1.70
1723417,C-,1.70
1723417,C,2.00
1723417,F,0.00
1723417,C+,2.30
1723417,D+,1.30
1723417,F,0.00
1723417,D-,0.70
1723417,B-,2.70
1723417,F,0.00
1723421,C,2.00
1723421,A,4.00
1723421,A-,3.70
1723421,B+,3.30
1723421,A,4.00
1723421,A-,3.70
1723421,B+,3.30
1723421,C,2.00
1723421,A,4.00
1723421,A-,3.70
1723423,F,0.00
1723423,C-,1.70
1723423,A-,3.70
1723423,C-,1.70
1723423,A,4.00
1723423,B+,3.30
1723423,A-,3.70
1723423,C-,1.70
1723423,B-,2.70
1723423,C-,1.70
1723423,C+,2.30
1723423,C+,2.30
1723423,B-,2.70
1723423,B-,2.70
1723423,B+,3.30
1723428,B+,3.30
1723428,B,3.00
1723428,A,4.00
1723428,A,4.00
1723428,C,2.00
1723428,A,4.00
1723428,B-,2.70
1723428,A-,3.70
1723428,A,4.00
1723428,A,4.00
1723428,B-,2.70
1723428,B+,3.30
1723428,A-,3.70
1723429,A,4.00
1723429,A,4.00
1723429,B-,2.70
1723429,A,4.00
1723429,A,4.00
1723429,B,3.00
1723429,B,3.00
1723429,A,4.00
1723429,A,4.00
1723429,B-,2.70
1723433,C+,2.30
1723433,F,0.00
1723433,F,0.00
1723433,C,2.00
1723433,F,0.00
1723433,F,0.00
1723433,F,0.00
1723433,C+,2.30
1723433,F,0.00
1723438,B-,2.70
1723438,B-,2.70
1723438,C+,2.30
1723438,B+,3.30
1723438,A,4.00
1723444,A,4.00
1723444,A,4.00
1723444,A,4.00
1723444,A,4.00
1723444,B-,2.70
1723444,B,3.00
1723444,A,4.00
1723444,A,4.00
1723444,A,4.00
1723444,B-,2.70
1723444,A,4.00
1723444,A,4.00
1723448,D-,0.70
1723448,B,3.00
1723448,C+,2.30
1723448,B,3.00
1723448,C+,2.30
1723448,C-,1.70
1723448,B,3.00
1723448,B,3.00
1723448,C,2.00
1723448,B-,2.70
1723459,A-,3.70
1723459,B-,2.70
1723459,B,3.00
1723459,C+,2.30
1723459,C,2.00
1723459,C,2.00
1723459,F,0.00
1723459,B-,2.70
1723459,B-,2.70
1723460,B,3.00
1723460,A,4.00
1723460,A-,3.70
1723460,B,3.00
1723460,C+,2.30
1723460,B,3.00
1723460,A-,3.70
1723460,B,3.00
1723460,B,3.00
1723465,B,3.00
1723465,D-,0.70
1723465,D+,1.30
1723465,C,2.00
1723465,B,3.00
1723465,D+,1.30
1723502,A,4.00
1723502,A-,3.70
1723611,D,1.00
1723611,D-,0.70
1723611,F,0.00
1723611,D-,0.70
1723611,C,2.00
1723674,A,4.00
1723674,A,4.00
1723705,B+,3.30
1723705,A,4.00
1723705,A,4.00
1723705,A,4.00
1723705,A,4.00
1723705,A,4.00
1723862,A,4.00
1723862,A-,3.70
1723862,A-,3.70
1723862,A,4.00
1723862,A,4.00
1723862,B,3.00
1723900,F,0.00
1723900,A,4.00
1723900,B,3.00
1723900,IN,0.00
1723900,B,3.00
1724113,C-,1.70
1724113,C,2.00
1724113,D-,0.70
1724113,C+,2.30
1724113,B,3.00
1724113,B,3.00
1724370,B,3.00
1724370,B,3.00
1724370,A,4.00
1724370,A-,3.70
1724370,A,4.00
1724370,A,4.00
1724467,B+,3.30
1724467,A,4.00
1724625,B-,2.70
1724625,A,4.00
1724625,C,2.00
1724625,D+,1.30
1724625,B-,2.70
1724625,C+,2.30
